14424,-0.3448486328125,0.1376953125,-1.7139892578125,-39.847328244274806,-4.145038167938932,-17.442748091603054
14425,-0.8934326171875,0.296142578125,-1.44580078125,-48.16030534351145,43.74809160305343,-23.572519083969464
14426,-1.822998046875,0.1300048828125,-0.5838623046875,-51.45038167938932,71.06106870229007,-5.3893129770992365
14427,-2.0,-0.3406982421875,-0.6024169921875,-90.2442748091603,51.79389312977099,-8.717557251908397
14428,-1.05810546875,-0.105712890625,-0.705078125,-101.99236641221374,35.908396946564885,-8.541984732824428
14429,-0.2620849609375,-0.051513671875,-0.4639892578125,-50.00763358778626,32.2442748091603,-45.32824427480916
14430,-0.996826171875,0.0439453125,-0.6900634765625,7.305343511450381,33.16793893129771,-25.15267175572519
14431,-1.2657470703125,0.0859375,-0.6864013671875,8.603053435114504,19.50381679389313,15.045801526717558
14432,-0.968505859375,0.05029296875,-0.6357421875,-0.3511450381679389,2.480916030534351,6.648854961832061
14433,-0.959228515625,0.1036376953125,-0.61669921875,15.19083969465649,-12.068702290076336,8.770992366412214
14434,-0.9520263671875,0.1124267578125,-0.5777587890625,15.702290076335878,-18.206106870229007,9.34351145038168
14435,-0.9288330078125,0.130126953125,-0.5635986328125,14.427480916030534,-24.16030534351145,7.893129770992366
14436,-0.9339599609375,0.143310546875,-0.5413818359375,12.801526717557252,-31.213740458015266,7.030534351145038
14437,-0.91650390625,0.155029296875,-0.5142822265625,12.549618320610687,-38.603053435114504,6.587786259541985
14438,-0.897216796875,0.183349609375,-0.4683837890625,16.633587786259543,-44.725190839694655,4.572519083969466
14439,-0.925048828125,0.2034912109375,-0.4493408203125,20.358778625954198,-48.97709923664122,1.3053435114503817
14440,-0.919921875,0.1895751953125,-0.42578125,17.99236641221374,-52.18320610687023,-1.0687022900763359
14441,-0.9052734375,0.161865234375,-0.404296875,13.717557251908397,-54.12213740458015,-2.030534351145038
14442,-0.91259765625,0.1463623046875,-0.33984375,14.389312977099237,-54.083969465648856,-3.122137404580153
14443,-0.9166259765625,0.1455078125,-0.2896728515625,19.66412213740458,-51.908396946564885,-4.290076335877862
14444,-0.859130859375,0.1390380859375,-0.2564697265625,26.72519083969466,-40.45038167938932,-2.8625954198473282
14445,-0.8634033203125,0.1546630859375,-0.261474609375,25.061068702290076,-32.274809160305345,-2.267175572519084
14446,-0.8714599609375,0.184814453125,-0.3077392578125,20.96946564885496,-24.946564885496183,-5.061068702290076
14447,-0.86181640625,0.1702880859375,-0.317138671875,15.633587786259541,-20.015267175572518,-6.229007633587786
14448,-0.896728515625,0.133544921875,-0.3009033203125,12.961832061068701,-16.259541984732824,-5.877862595419847
14449,-0.892333984375,0.0994873046875,-0.27490234375,12.977099236641221,-12.206106870229007,-7.061068702290076
14450,-0.9346923828125,0.126953125,-0.197509765625,15.01526717557252,-6.427480916030534,-8.50381679389313
14451,-0.974365234375,0.1375732421875,-0.1842041015625,14.992366412213741,1.1145038167938932,-9.648854961832061
14452,-0.937255859375,0.1151123046875,-0.1685791015625,11.374045801526718,10.885496183206106,-9.458015267175572
14453,-0.9537353515625,0.1591796875,-0.17578125,11.427480916030534,22.076335877862597,-11.580152671755725
14454,-1.072021484375,0.1085205078125,-0.278564453125,5.450381679389313,37.35114503816794,-15.427480916030534
14455,-1.11328125,0.0621337890625,-0.2818603515625,9.206106870229007,38.87786259541985,-15.702290076335878
14456,-1.2232666015625,0.08935546875,-0.2481689453125,19.450381679389313,39.282442748091604,-16.625954198473284
14457,-1.3536376953125,0.1107177734375,-0.1729736328125,21.427480916030536,40.61832061068702,-19.480916030534353
14458,-1.55712890625,0.1165771484375,-0.0517578125,20.541984732824428,41.916030534351144,-22.763358778625953
14459,-1.65869140625,0.056884765625,0.125732421875,30.82442748091603,42.213740458015266,-25.587786259541986
14460,-1.5517578125,0.07177734375,0.2708740234375,50.099236641221374,41.717557251908396,-29.267175572519083
14461,-1.3397216796875,0.260498046875,0.2398681640625,62.67175572519084,39.61068702290076,-30.916030534351144
14462,-1.296875,0.507568359375,-0.280029296875,57.3206106870229,45.93129770992366,-33.3587786259542
14463,-1.5943603515625,0.494384765625,-0.701416015625,29.16030534351145,78.22137404580153,-48.87786259541985
14464,-1.6385498046875,0.40673828125,-1.031494140625,12.366412213740459,120.6793893129771,-50.587786259541986
14465,-1.8433837890625,0.1143798828125,-0.93798828125,18.12213740458015,192.0763358778626,-55.20610687022901
14466,-1.6988525390625,0.11767578125,-0.766845703125,35.38167938931298,199.49618320610688,-52.02290076335878
14467,-1.5618896484375,0.0848388671875,-0.71533203125,60.534351145038165,191.64885496183206,-49.221374045801525
14468,-1.3084716796875,0.1026611328125,-0.7379150390625,84.90076335877863,170.77862595419847,-32.091603053435115
14469,-1.0003662109375,0.160888671875,-0.6622314453125,79.85496183206106,147.5114503816794,-18.83206106870229
14470,-0.783447265625,0.1846923828125,-0.51904296875,41.725190839694655,121.96946564885496,-15.541984732824428
14471,-0.6390380859375,0.150390625,-0.331787109375,-13.80916030534351,89.27480916030534,-10.16030534351145
14472,-0.5023193359375,0.061279296875,-0.1751708984375,-61.18320610687023,52.595419847328245,1.213740458015267
14473,-0.351806640625,-0.0411376953125,-0.0621337890625,-80.74809160305344,14.793893129770993,11.992366412213741
14474,-0.2359619140625,-0.0814208984375,0.0311279296875,-67.22900763358778,-21.106870229007633,19.099236641221374
14475,-0.20263671875,-0.06640625,0.075439453125,-41.02290076335878,-55.725190839694655,25.17557251908397
14476,-0.1424560546875,-0.0867919921875,-0.042724609375,-12.916030534351146,-119.97709923664122,44.45038167938932
14477,-0.1639404296875,-0.0960693359375,-0.11962890625,-10.564885496183207,-145.5267175572519,51.19083969465649
14478,-0.2127685546875,-0.09228515625,-0.2940673828125,-16.091603053435115,-166.14503816793894,54.61068702290076
14479,-0.2047119140625,-0.1038818359375,-0.4521484375,-34.274809160305345,-183.3206106870229,52.32824427480916
14480,-0.2535400390625,-0.1602783203125,-0.658203125,-46.36641221374046,-192.61832061068702,47.33587786259542
14481,-0.3226318359375,-0.198486328125,-0.9508056640625,-44.16793893129771,-191.46564885496184,43.725190839694655
14482,-0.3470458984375,-0.2025146484375,-1.2027587890625,-33.80916030534351,-178.59541984732823,37.48091603053435
14483,-0.36962890625,-0.178955078125,-1.3800048828125,-22.778625954198475,-154.00763358778627,33.63358778625954
14484,-0.3988037109375,-0.154296875,-1.4637451171875,-17.633587786259543,-121.70992366412214,29.52671755725191
14485,-0.3885498046875,-0.1158447265625,-1.458740234375,-23.290076335877863,-85.61068702290076,22.30534351145038
14486,-0.2908935546875,0.016357421875,-1.574951171875,-73.87022900763358,-12.679389312977099,-10.83969465648855
14487,-0.4908447265625,0.260009765625,-1.4332275390625,-96.69465648854961,10.488549618320612,-22.541984732824428
14488,-1.470947265625,0.4085693359375,-0.8284912109375,-92.07633587786259,39.595419847328245,-11.816793893129772
14489,-2.0,-0.382080078125,-0.3756103515625,-119.36641221374046,50.717557251908396,-22.763358778625953
14490,-1.38720703125,-0.3240966796875,-0.6478271484375,-135.1908396946565,34.42748091603053,-11.717557251908397
14491,0.0848388671875,0.0198974609375,-0.4737548828125,-43.725190839694655,43.16793893129771,3.5572519083969465
14492,-0.887451171875,-0.0718994140625,-0.5572509765625,11.251908396946565,35.603053435114504,-42.05343511450382
14493,-1.55029296875,0.026123046875,-0.6983642578125,40.61068702290076,24.580152671755727,-2.50381679389313
14494,-1.0191650390625,0.0721435546875,-0.5689697265625,37.97709923664122,0.2900763358778626,16.72519083969466
14495,-0.8154296875,0.04443359375,-0.552978515625,44.69465648854962,-10.969465648854962,8.748091603053435
14496,-0.9559326171875,0.1531982421875,-0.5386962890625,56.038167938931295,-16.603053435114504,15.450381679389313
14497,-0.950927734375,0.2093505859375,-0.5167236328125,55.2442748091603,-21.083969465648856,15.213740458015268
14498,-0.927734375,0.21142578125,-0.503662109375,44.06106870229008,-26.396946564885496,13.267175572519085
14499,-0.920654296875,0.190673828125,-0.445068359375,31.259541984732824,-35.343511450381676,7.8396946564885495
14500,-0.89111328125,0.21875,-0.447265625,26.99236641221374,-36.42748091603053,3.282442748091603
14501,-0.8953857421875,0.237060546875,-0.425048828125,20.076335877862597,-35.3587786259542,-3.404580152671756
14502,-0.943115234375,0.205078125,-0.3858642578125,9.374045801526718,-35.091603053435115,-7.778625954198473
14503,-0.9608154296875,0.1568603515625,-0.330078125,2.2213740458015265,-37.18320610687023,-9.0
14504,-0.9439697265625,0.1357421875,-0.2960205078125,3.045801526717557,-39.404580152671755,-9.076335877862595
14505,-0.919189453125,0.166259765625,-0.255859375,8.877862595419847,-38.83969465648855,-9.938931297709924
14508,-0.857421875,0.112548828125,-0.2169189453125,13.84732824427481,-28.419847328244273,-6.297709923664122
14509,-0.8800048828125,0.1700439453125,-0.2681884765625,14.969465648854962,-14.038167938931299,-7.0458015267175576
14510,-0.870849609375,0.20166015625,-0.276611328125,12.122137404580153,-8.977099236641221,-8.396946564885496
14511,-0.8955078125,0.1766357421875,-0.224365234375,8.86259541984733,-4.412213740458015,-7.877862595419847
14512,-0.9248046875,0.1390380859375,-0.2181396484375,6.175572519083969,0.9083969465648855,-7.00763358778626
14513,-0.945068359375,0.1405029296875,-0.1826171875,3.236641221374046,7.748091603053435,-6.6106870229007635
14514,-0.939453125,0.182861328125,-0.186767578125,3.9236641221374047,15.893129770992367,-8.511450381679388
14515,-0.908203125,0.1822509765625,-0.2252197265625,4.786259541984733,24.34351145038168,-10.885496183206106
14516,-0.9464111328125,0.136962890625,-0.245361328125,1.4045801526717556,31.267175572519083,-11.49618320610687
14517,-1.0057373046875,0.0946044921875,-0.254150390625,-0.7099236641221374,35.79389312977099,-11.885496183206106
14518,-1.010498046875,0.10009765625,-0.291015625,3.4122137404580153,38.3587786259542,-12.595419847328245
14519,-1.0462646484375,0.124755859375,-0.32861328125,10.198473282442748,38.85496183206107,-11.977099236641221
14520,-1.2725830078125,0.1048583984375,-0.3626708984375,16.412213740458014,30.931297709923665,-11.389312977099237
14521,-1.4078369140625,0.057861328125,-0.2813720703125,21.83969465648855,23.229007633587788,-11.580152671755725
14522,-1.560791015625,0.062255859375,-0.135009765625,41.038167938931295,16.66412213740458,-13.770992366412214
14523,-1.5240478515625,0.08447265625,0.02587890625,63.61832061068702,13.755725190839694,-18.297709923664122
14524,-1.3475341796875,0.1671142578125,0.1324462890625,70.09160305343511,13.931297709923664,-24.557251908396946
14525,-1.183837890625,0.33056640625,0.10400390625,54.99236641221374,16.358778625954198,-27.267175572519083
14526,-1.215087890625,0.4088134765625,-0.3226318359375,24.717557251908396,29.50381679389313,-30.366412213740457
14527,-1.4149169921875,0.2982177734375,-0.672607421875,5.2748091603053435,64.4885496183206,-33.282442748091604
14528,-1.447998046875,0.233154296875,-0.873291015625,14.473282442748092,106.63358778625954,-28.770992366412212
14529,-1.6129150390625,0.126220703125,-0.8184814453125,31.96946564885496,152.45801526717557,-37.54961832061068
14530,-1.6824951171875,0.074951171875,-0.7222900390625,49.06106870229008,183.90076335877862,-46.64885496183206
14531,-1.5250244140625,0.1090087890625,-0.71484375,78.52671755725191,195.12977099236642,-53.32824427480916
14532,-1.376220703125,0.07958984375,-0.7454833984375,86.78625954198473,179.80152671755727,-43.05343511450382
14533,-1.1234130859375,0.1143798828125,-0.683837890625,80.29770992366412,159.95419847328245,-30.19083969465649
14534,-0.915771484375,0.1412353515625,-0.59619140625,55.29007633587786,142.10687022900763,-27.770992366412212
14535,-0.759033203125,0.159423828125,-0.5306396484375,16.84732824427481,119.3206106870229,-23.221374045801525
14536,-0.6182861328125,0.156005859375,-0.4364013671875,-28.053435114503817,90.05343511450381,-13.229007633587786
14537,-0.5213623046875,0.0882568359375,-0.3402099609375,-61.02290076335878,57.961832061068705,-3.763358778625954
14538,-0.4383544921875,0.0404052734375,-0.2720947265625,-66.83206106870229,27.061068702290076,6.847328244274809
14539,-0.36083984375,0.0308837890625,-0.2139892578125,-50.31297709923664,-1.213740458015267,12.82442748091603
14540,-0.3240966796875,0.0540771484375,-0.173095703125,-25.450381679389313,-26.633587786259543,16.671755725190838
14541,-0.3013916015625,0.11474609375,-0.2772216796875,2.8091603053435112,-76.36641221374046,36.267175572519086
14542,-0.31884765625,0.1727294921875,-0.2943115234375,4.687022900763359,-95.65648854961832,44.52671755725191
14543,-0.332275390625,0.1849365234375,-0.3133544921875,-5.900763358778626,-114.0381679389313,52.80916030534351
14544,-0.27880859375,0.1123046875,-0.355224609375,-23.53435114503817,-130.94656488549617,57.25954198473283
14545,-0.2646484375,0.0023193359375,-0.418701171875,-37.778625954198475,-142.9083969465649,59.786259541984734
14546,-0.2774658203125,-0.0889892578125,-0.509521484375,-48.2442748091603,-151.35114503816794,60.770992366412216
14547,-0.284912109375,-0.155517578125,-0.664794921875,-52.48091603053435,-156.3740458015267,56.30534351145038
14548,-0.2755126953125,-0.1932373046875,-0.859619140625,-49.49618320610687,-154.6946564885496,48.51145038167939
14549,-0.288330078125,-0.2080078125,-1.076416015625,-44.274809160305345,-144.91603053435114,39.36641221374046
14550,-0.3682861328125,-0.19775390625,-1.3162841796875,-36.43511450381679,-127.43511450381679,30.14503816793893
14551,-0.4658203125,-0.119873046875,-1.5645751953125,-30.87786259541985,-73.68702290076335,10.893129770992367
14552,-0.3587646484375,0.0626220703125,-1.9476318359375,-26.610687022900763,-38.88549618320611,4.038167938931298
14553,-0.7486572265625,0.0966796875,-1.521728515625,-20.923664122137403,8.801526717557252,0.8473282442748091
14554,-1.317626953125,-0.0250244140625,-0.49462890625,-26.87786259541985,43.091603053435115,10.244274809160306
14555,-1.912109375,-0.2222900390625,-0.81787109375,-56.12977099236641,54.152671755725194,-1.984732824427481
14556,-1.347900390625,-0.1175537109375,-0.532470703125,-74.07633587786259,56.83206106870229,-32.74809160305343
14557,-0.4981689453125,0.1182861328125,-0.7281494140625,-54.66412213740458,49.19083969465649,-72.48091603053435
14558,-0.599853515625,0.34765625,-0.6494140625,-30.099236641221374,47.969465648854964,-69.31297709923665
14559,-1.15869140625,0.1737060546875,-0.68017578125,-19.114503816793892,45.89312977099237,-32.6412213740458
14560,-1.3070068359375,-0.0316162109375,-0.6236572265625,-35.25190839694657,32.76335877862596,-14.770992366412214
14561,-0.942138671875,-0.0203857421875,-0.595703125,-28.740458015267176,15.595419847328245,-16.366412213740457
14562,-1.0006103515625,0.0614013671875,-0.6309814453125,1.7328244274809161,-4.778625954198473,-8.122137404580153
14563,-0.9635009765625,0.07421875,-0.6170654296875,8.435114503816793,-16.137404580152673,1.2366412213740459
14564,-0.9403076171875,0.1160888671875,-0.6070556640625,12.870229007633588,-25.427480916030536,4.351145038167939
14565,-0.931396484375,0.1300048828125,-0.5823974609375,17.587786259541986,-34.45038167938932,4.801526717557252
14566,-0.947265625,0.14208984375,-0.55615234375,20.64885496183206,-42.25190839694657,7.343511450381679
14567,-0.9234619140625,0.1697998046875,-0.5301513671875,23.297709923664122,-48.64885496183206,5.534351145038168
14568,-0.8707275390625,0.1856689453125,-0.50927734375,24.213740458015266,-53.42748091603053,1.7099236641221374
14569,-0.9063720703125,0.167724609375,-0.4720458984375,22.862595419847327,-57.10687022900763,1.4427480916030535
14570,-0.9351806640625,0.1243896484375,-0.431640625,24.53435114503817,-59.70229007633588,2.068702290076336
14571,-0.8743896484375,0.116943359375,-0.384033203125,31.564885496183205,-59.74809160305343,1.0610687022900764
14572,-0.85498046875,0.16162109375,-0.34033203125,40.41984732824427,-56.900763358778626,-0.2366412213740458
14573,-0.8138427734375,0.233642578125,-0.32763671875,40.69465648854962,-46.045801526717554,-4.3816793893129775
14574,-0.80615234375,0.196044921875,-0.30419921875,31.85496183206107,-39.091603053435115,-3.8702290076335877
14575,-0.8961181640625,0.168701171875,-0.2847900390625,25.083969465648856,-32.62595419847328,-3.3282442748091605
14576,-0.91015625,0.1441650390625,-0.257080078125,24.564885496183205,-26.137404580152673,-4.404580152671755
14577,-0.9110107421875,0.1181640625,-0.2412109375,24.015267175572518,-18.480916030534353,-3.66412213740458
14578,-0.9102783203125,0.1448974609375,-0.2293701171875,21.587786259541986,-9.17557251908397,-4.770992366412214
14579,-0.9034423828125,0.209716796875,-0.2109375,21.328244274809162,1.0,-8.32824427480916
14580,-0.923095703125,0.22314453125,-0.2320556640625,19.03053435114504,10.938931297709924,-9.549618320610687
14581,-0.997314453125,0.1619873046875,-0.2689208984375,10.007633587786259,19.0,-9.610687022900763
14582,-1.0242919921875,0.1065673828125,-0.2857666015625,6.801526717557252,24.12213740458015,-10.473282442748092
14583,-1.04345703125,0.1175537109375,-0.3065185546875,13.870229007633588,26.931297709923665,-12.274809160305344
14584,-1.25341796875,0.1492919921875,-0.281494140625,20.732824427480917,29.564885496183205,-15.541984732824428
14585,-1.43408203125,0.095703125,-0.2275390625,22.053435114503817,28.427480916030536,-16.83969465648855
14586,-1.5625,0.029541015625,-0.090087890625,31.53435114503817,25.908396946564885,-20.923664122137403
14587,-1.5244140625,0.0284423828125,0.104248046875,51.45038167938932,25.03053435114504,-28.30534351145038
14588,-1.434326171875,0.1444091796875,0.213623046875,74.56488549618321,26.412213740458014,-31.931297709923665
14589,-1.306884765625,0.3304443359375,0.1815185546875,83.41984732824427,28.53435114503817,-29.83969465648855
14590,-1.2969970703125,0.4931640625,-0.498046875,85.6030534351145,49.0763358778626,-25.717557251908396
14591,-1.49462890625,0.4798583984375,-0.9013671875,71.99236641221374,92.25954198473282,-36.458015267175576
14592,-1.6494140625,0.327392578125,-1.0733642578125,44.06870229007634,135.36641221374046,-43.83206106870229
14593,-1.7139892578125,0.1427001953125,-0.9066162109375,11.908396946564885,166.25954198473283,-45.10687022900763
14594,-1.6317138671875,-0.0491943359375,-0.6561279296875,34.38167938931298,191.6030534351145,-45.3587786259542
14595,-1.4593505859375,-0.0260009765625,-0.693359375,73.48091603053435,181.2290076335878,-41.541984732824424
14596,-1.193115234375,0.0970458984375,-0.6668701171875,99.65648854961832,172.44274809160305,-35.62595419847328
14597,-0.968505859375,0.2083740234375,-0.623046875,89.72519083969466,159.54198473282443,-34.64885496183206
14598,-0.761474609375,0.271728515625,-0.537353515625,41.70992366412214,137.0229007633588,-32.54961832061068
14599,-0.644775390625,0.2061767578125,-0.3974609375,-23.763358778625953,109.04580152671755,-27.641221374045802
14600,-0.5443115234375,0.085693359375,-0.270751953125,-74.18320610687023,77.1145038167939,-19.35114503816794
14601,-0.421630859375,-0.0179443359375,-0.1942138671875,-82.73282442748092,44.786259541984734,-13.82442748091603
14602,-0.3468017578125,-0.027099609375,-0.142578125,-56.05343511450382,14.022900763358779,-9.732824427480915
14603,-0.3004150390625,0.029541015625,-0.1046142578125,-24.47328244274809,-17.81679389312977,-3.2900763358778624
14604,-0.2855224609375,0.05126953125,-0.1112060546875,-9.335877862595419,-51.48091603053435,7.244274809160306
14605,-0.260498046875,0.06982421875,-0.1949462890625,-15.412213740458014,-114.87786259541984,28.564885496183205
14606,-0.26513671875,0.0650634765625,-0.26708984375,-26.84732824427481,-141.22137404580153,37.16793893129771
14607,-0.2333984375,0.0069580078125,-0.35986328125,-40.70992366412214,-162.51908396946564,43.213740458015266
14608,-0.2349853515625,-0.0693359375,-0.5040283203125,-50.61832061068702,-177.40458015267177,47.900763358778626
14609,-0.2418212890625,-0.150390625,-0.6773681640625,-54.16030534351145,-186.6412213740458,50.847328244274806
14610,-0.238037109375,-0.2314453125,-0.9102783203125,-45.74045801526717,-187.6030534351145,51.29007633587786
14611,-0.2584228515625,-0.257568359375,-1.1695556640625,-27.49618320610687,-176.10687022900763,48.465648854961835
14612,-0.3104248046875,-0.253662109375,-1.396484375,-17.793893129770993,-152.64885496183206,41.33587786259542
14613,-0.36767578125,-0.264404296875,-1.628662109375,-26.34351145038168,-121.6412213740458,29.6793893129771
14614,-0.3101806640625,-0.0087890625,-2.0,-35.603053435114504,-76.92366412213741,12.297709923664122
14615,-0.889892578125,0.0216064453125,-2.0,-33.19847328244275,3.519083969465649,3.145038167938931
14616,-1.2945556640625,-0.2196044921875,-0.1968994140625,-99.74809160305344,45.83206106870229,-14.335877862595419
14617,-1.029052734375,-0.0516357421875,-0.8331298828125,-23.786259541984734,46.091603053435115,-9.900763358778626
14618,-0.7960205078125,-0.0599365234375,-0.838623046875,-6.809160305343512,57.786259541984734,-20.297709923664122
14619,-0.7655029296875,0.08203125,-0.705810546875,-40.58015267175573,49.88549618320611,-23.33587786259542
14620,-1.0770263671875,0.1407470703125,-0.6177978515625,-22.96946564885496,43.00763358778626,-12.740458015267176
14621,-1.1954345703125,0.029541015625,-0.664306640625,-8.687022900763358,31.587786259541986,-3.5572519083969465
14622,-0.958251953125,0.095458984375,-0.587646484375,-15.595419847328245,19.770992366412212,-1.1755725190839694
14623,-0.814208984375,0.14697265625,-0.624755859375,-1.6870229007633588,11.893129770992367,-5.5038167938931295
14624,-0.9425048828125,0.146240234375,-0.6585693359375,3.7404580152671754,7.541984732824427,-3.1908396946564888
14625,-0.9947509765625,0.10205078125,-0.6451416015625,1.183206106870229,-0.8396946564885496,1.8854961832061068
14626,-0.9071044921875,0.10302734375,-0.6358642578125,14.32824427480916,-17.52671755725191,3.2977099236641223
14627,-0.929931640625,0.12548828125,-0.626953125,18.748091603053435,-24.870229007633586,4.648854961832061
14628,-0.8663330078125,0.1663818359375,-0.61865234375,23.603053435114504,-32.900763358778626,4.877862595419847
14629,-0.84033203125,0.1871337890625,-0.5982666015625,28.022900763358777,-40.038167938931295,3.015267175572519
14630,-0.87548828125,0.2027587890625,-0.5750732421875,27.50381679389313,-45.76335877862596,2.381679389312977
14631,-0.874755859375,0.1981201171875,-0.5472412109375,25.702290076335878,-50.66412213740458,0.3893129770992366
14632,-0.879638671875,0.171142578125,-0.5084228515625,24.27480916030534,-53.900763358778626,-0.9312977099236641
14633,-0.8876953125,0.1644287109375,-0.479736328125,23.053435114503817,-55.50381679389313,-1.9312977099236641
14634,-0.8714599609375,0.1588134765625,-0.4554443359375,24.099236641221374,-56.6412213740458,-4.229007633587786
14635,-0.874267578125,0.1561279296875,-0.4154052734375,25.984732824427482,-56.55725190839695,-3.83206106870229
14636,-0.8966064453125,0.1884765625,-0.3641357421875,27.96946564885496,-54.42748091603053,-4.648854961832061
14637,-0.885498046875,0.143798828125,-0.31005859375,18.793893129770993,-45.01526717557252,-7.961832061068702
14638,-0.90478515625,0.11669921875,-0.305419921875,11.603053435114504,-38.30534351145038,-7.022900763358779
14639,-0.87841796875,0.12060546875,-0.2904052734375,15.419847328244275,-31.938931297709924,-8.541984732824428
14640,-0.8564453125,0.1502685546875,-0.2742919921875,22.19083969465649,-24.763358778625953,-8.404580152671755
14641,-0.881103515625,0.1683349609375,-0.238037109375,22.198473282442748,-16.17557251908397,-7.412213740458015
14642,-0.9212646484375,0.1622314453125,-0.216064453125,15.854961832061068,-6.076335877862595,-6.9465648854961835
14643,-0.9500732421875,0.1385498046875,-0.1920166015625,11.603053435114504,5.885496183206107,-7.236641221374046
14644,-0.9844970703125,0.1298828125,-0.2425537109375,11.061068702290076,17.458015267175572,-8.229007633587786
14645,-1.0301513671875,0.1033935546875,-0.302001953125,8.86259541984733,25.66412213740458,-8.954198473282442
14646,-1.065673828125,0.104248046875,-0.3211669921875,10.885496183206106,29.977099236641223,-9.786259541984732
14647,-1.132568359375,0.1390380859375,-0.289794921875,22.709923664122137,32.25190839694657,-12.664122137404581
14648,-1.3331298828125,0.041015625,-0.2239990234375,30.66412213740458,38.48854961832061,-13.206106870229007
14649,-1.375732421875,0.0198974609375,-0.156005859375,29.984732824427482,43.11450381679389,-17.580152671755727
14650,-1.4417724609375,0.0782470703125,-0.0281982421875,34.80152671755725,47.70229007633588,-24.6793893129771
14651,-1.45751953125,0.1895751953125,0.0926513671875,50.88549618320611,50.412213740458014,-31.16030534351145
14652,-1.4010009765625,0.3201904296875,0.11767578125,71.25954198473282,50.23664122137404,-32.2442748091603
14653,-1.355712890625,0.504638671875,-0.2108154296875,83.90839694656489,53.48091603053435,-29.755725190839694
14654,-1.520751953125,0.5963134765625,-0.655029296875,75.7175572519084,76.59541984732824,-38.85496183206107
14655,-1.6580810546875,0.5341796875,-1.054443359375,57.69465648854962,118.12213740458016,-45.38167938931298
14656,-1.7830810546875,0.3863525390625,-1.1341552734375,37.16793893129771,157.09923664122138,-43.57251908396947
14657,-1.78076171875,0.200439453125,-0.990966796875,17.389312977099237,180.86259541984734,-42.70992366412214
14658,-1.623046875,0.0780029296875,-0.818603515625,12.366412213740459,188.64885496183206,-43.16793893129771
14659,-1.2476806640625,0.0072021484375,-0.674072265625,37.51145038167939,168.13740458015266,-38.30534351145038
14660,-1.020263671875,0.028076171875,-0.6361083984375,34.02290076335878,143.12213740458014,-24.80916030534351
14661,-0.8416748046875,0.03125,-0.531494140625,8.305343511450381,115.83969465648855,-14.717557251908397
14662,-0.739013671875,-0.0487060546875,-0.46484375,-19.282442748091604,83.09160305343511,-3.50381679389313
14663,-0.592529296875,-0.059814453125,-0.34130859375,-34.16793893129771,50.038167938931295,7.427480916030534
14664,-0.503173828125,-0.073486328125,-0.2548828125,-27.671755725190838,20.763358778625953,6.824427480916031
14665,-0.4080810546875,-0.0361328125,-0.192138671875,-10.969465648854962,-7.900763358778626,6.633587786259542
14666,-0.296630859375,0.005126953125,-0.1856689453125,0.5038167938931297,-37.74045801526717,11.129770992366412
14667,-0.24609375,0.0145263671875,-0.1640625,-1.1603053435114503,-67.5114503816794,19.38167938931298
14668,-0.188232421875,-0.0009765625,-0.174560546875,-9.893129770992367,-96.41984732824427,28.30534351145038
14669,-0.1148681640625,-0.01513671875,-0.23583984375,-24.85496183206107,-143.5801526717557,41.87022900763359
14670,-0.0672607421875,-0.067138671875,-0.3134765625,-35.099236641221374,-160.93129770992365,47.396946564885496
14671,-0.051513671875,-0.1422119140625,-0.4227294921875,-43.45038167938932,-173.82442748091603,51.61832061068702
14672,-0.0592041015625,-0.194091796875,-0.6190185546875,-39.9236641221374,-181.53435114503816,52.213740458015266
14673,-0.09033203125,-0.2138671875,-0.9083251953125,-29.389312977099237,-179.78625954198472,49.76335877862596
14674,-0.1336669921875,-0.206787109375,-1.2034912109375,-28.282442748091604,-166.7709923664122,44.541984732824424
14675,-0.2115478515625,-0.1737060546875,-1.4150390625,-38.038167938931295,-143.4351145038168,35.93893129770992
14676,-0.3157958984375,-0.13671875,-1.5340576171875,-53.86259541984733,-112.9618320610687,23.6793893129771
14677,-0.4217529296875,-0.1190185546875,-1.5635986328125,-72.82442748091603,-80.97709923664122,9.366412213740459
14678,-0.458251953125,-0.1253662109375,-1.4886474609375,-87.77099236641222,-51.06870229007634,-5.0534351145038165
14679,-0.4039306640625,0.0560302734375,-2.0,-89.37404580152672,-21.61832061068702,-14.98473282442748
14680,-1.80859375,0.619873046875,-0.45654296875,-20.35114503816794,50.67175572519084,-8.908396946564885
14681,-2.0,-0.1693115234375,-1.1092529296875,-35.62595419847328,56.00763358778626,-14.83969465648855
14682,-1.6837158203125,-0.31591796875,-0.5594482421875,-141.9770992366412,15.648854961832061,-2.3587786259541983
14683,-0.237060546875,-0.0509033203125,-0.3748779296875,-100.22900763358778,13.82442748091603,-3.9083969465648853
14684,-0.7059326171875,-0.10400390625,-0.5498046875,-3.0,8.351145038167939,-42.17557251908397
14685,-1.40673828125,0.1011962890625,-0.5909423828125,37.954198473282446,7.793893129770993,-15.053435114503817
14686,-1.214111328125,0.240234375,-0.6256103515625,37.19847328244275,-11.48091603053435,5.931297709923665
14687,-0.8492431640625,0.138671875,-0.5599365234375,15.86259541984733,-28.19083969465649,1.465648854961832
14688,-0.9361572265625,0.0892333984375,-0.474609375,7.4961832061068705,-37.29770992366412,10.17557251908397
14689,-0.961181640625,0.1075439453125,-0.4481201171875,24.68702290076336,-43.465648854961835,10.412213740458014
14690,-0.86767578125,0.1812744140625,-0.4437255859375,39.0763358778626,-46.099236641221374,4.473282442748092
14691,-0.964111328125,0.156005859375,-0.3587646484375,19.564885496183205,-47.45038167938932,6.740458015267175
14692,-0.893310546875,0.180419921875,-0.3082275390625,21.206106870229007,-47.98473282442748,3.213740458015267
14693,-0.8746337890625,0.233154296875,-0.2904052734375,28.916030534351144,-46.3587786259542,-0.40458015267175573
14694,-0.905517578125,0.244873046875,-0.2862548828125,27.885496183206108,-43.16030534351145,-1.5038167938931297
14695,-0.9017333984375,0.1912841796875,-0.2589111328125,21.14503816793893,-39.44274809160305,-1.5114503816793894
14696,-0.8955078125,0.1605224609375,-0.218017578125,18.213740458015266,-34.47328244274809,-2.0763358778625953
14697,-0.9207763671875,0.1929931640625,-0.2205810546875,21.00763358778626,-28.954198473282442,-4.076335877862595
14698,-0.9005126953125,0.2210693359375,-0.251220703125,20.68702290076336,-24.717557251908396,-6.442748091603053
14699,-0.8936767578125,0.2030029296875,-0.246826171875,15.648854961832061,-21.27480916030534,-6.519083969465649
14700,-0.9266357421875,0.1590576171875,-0.2392578125,12.16793893129771,-17.931297709923665,-6.480916030534351
14701,-0.9356689453125,0.1451416015625,-0.204345703125,16.65648854961832,-10.603053435114504,-7.312977099236641
14702,-0.9306640625,0.1612548828125,-0.2181396484375,18.396946564885496,-7.282442748091603,-7.0534351145038165
14703,-0.9124755859375,0.1822509765625,-0.214111328125,17.541984732824428,-3.6412213740458017,-6.7251908396946565
14704,-0.9068603515625,0.199462890625,-0.202392578125,16.595419847328245,0.7786259541984732,-8.297709923664122
14705,-0.9215087890625,0.1695556640625,-0.184326171875,13.48091603053435,5.961832061068702,-7.732824427480916
14706,-0.9366455078125,0.165283203125,-0.1572265625,10.83969465648855,12.206106870229007,-7.030534351145038
14707,-0.922119140625,0.190185546875,-0.1595458984375,10.786259541984732,19.68702290076336,-9.51908396946565
14708,-0.9073486328125,0.1744384765625,-0.181396484375,8.694656488549619,28.045801526717558,-10.442748091603054
14709,-0.9486083984375,0.118408203125,-0.2052001953125,3.946564885496183,36.37404580152672,-9.274809160305344
14710,-1.0113525390625,0.086181640625,-0.2281494140625,2.381679389312977,43.11450381679389,-9.19083969465649
14711,-1.0748291015625,0.1712646484375,-0.3055419921875,18.0,47.20610687022901,-13.633587786259541
14712,-1.0963134765625,0.1920166015625,-0.313720703125,23.427480916030536,45.93129770992366,-15.099236641221374
14713,-1.2188720703125,0.147216796875,-0.3092041015625,23.66412213740458,43.87786259541985,-15.213740458015268
14714,-1.332275390625,0.0579833984375,-0.22412109375,24.954198473282442,42.2442748091603,-15.045801526717558
14715,-1.4462890625,0.0362548828125,-0.07763671875,37.57251908396947,43.717557251908396,-16.870229007633586
14716,-1.5299072265625,0.1300048828125,0.05908203125,54.79389312977099,48.31297709923664,-21.587786259541986
14717,-1.5272216796875,0.24169921875,0.159423828125,63.3587786259542,52.87786259541985,-27.396946564885496
14718,-1.4093017578125,0.3779296875,0.1435546875,56.030534351145036,52.900763358778626,-31.14503816793893
14719,-1.3399658203125,0.497314453125,-0.33056640625,36.33587786259542,53.030534351145036,-34.458015267175576
14720,-1.5469970703125,0.4595947265625,-0.8857421875,15.755725190839694,77.61832061068702,-41.00763358778626
14721,-1.7037353515625,0.39208984375,-0.99853515625,16.564885496183205,119.01526717557252,-39.3206106870229
14722,-1.760986328125,0.2420654296875,-0.9652099609375,29.16030534351145,154.13740458015266,-34.63358778625954
14723,-1.679931640625,0.119140625,-0.833251953125,39.85496183206107,176.3587786259542,-33.52671755725191
14724,-1.5067138671875,0.001953125,-0.8038330078125,81.0381679389313,178.1145038167939,-41.534351145038165
14725,-1.3199462890625,0.09716796875,-0.7884521484375,97.78625954198473,164.41221374045801,-34.99236641221374
14726,-1.0809326171875,0.2034912109375,-0.69775390625,82.19847328244275,145.86259541984734,-32.25954198473283
14727,-0.8787841796875,0.2275390625,-0.5745849609375,33.82442748091603,119.16793893129771,-26.358778625954198
14728,-0.7349853515625,0.1593017578125,-0.41796875,-26.916030534351144,87.74809160305344,-17.82442748091603
14729,-0.56396484375,0.0775146484375,-0.2884521484375,-64.12977099236642,56.80152671755725,-10.32824427480916
14730,-0.38623046875,0.0428466796875,-0.1417236328125,-69.37404580152672,26.33587786259542,-5.900763358778626
14731,-0.2628173828125,0.0389404296875,-0.0447998046875,-58.44274809160305,-6.099236641221374,0.7786259541984732
14732,-0.1912841796875,0.0179443359375,0.022216796875,-48.099236641221374,-40.396946564885496,11.13740458015267
14733,-0.1414794921875,0.0089111328125,0.0643310546875,-37.61068702290076,-73.46564885496183,21.572519083969464
14734,-0.1192626953125,0.0047607421875,0.0537109375,-27.00763358778626,-104.13740458015268,31.763358778625953
14735,-0.13525390625,-0.0601806640625,-0.1326904296875,-22.267175572519083,-155.01526717557252,48.99236641221374
14736,-0.1805419921875,-0.1363525390625,-0.3255615234375,-36.56488549618321,-172.5801526717557,53.0
14737,-0.185546875,-0.26416015625,-0.6065673828125,-53.23664122137404,-185.22137404580153,50.70229007633588
14738,-0.2159423828125,-0.3741455078125,-0.9124755859375,-53.66412213740458,-188.75572519083968,43.099236641221374
14739,-0.2982177734375,-0.397705078125,-1.316162109375,-34.00763358778626,-175.82442748091603,32.66412213740458
14740,-0.3416748046875,-0.3370361328125,-1.651611328125,-16.603053435114504,-146.5267175572519,17.129770992366414
14741,-0.3431396484375,-0.2451171875,-1.7879638671875,-17.610687022900763,-106.92366412213741,0.5190839694656488
14742,-0.298583984375,-0.1644287109375,-1.7545166015625,-34.778625954198475,-65.3587786259542,-14.282442748091603
14743,-0.0938720703125,-0.0025634765625,-2.0,-53.32824427480916,-27.34351145038168,-22.557251908396946
14744,-0.2210693359375,0.3753662109375,-1.39599609375,-66.70992366412214,22.076335877862597,-44.396946564885496
14745,-1.135498046875,0.6883544921875,-0.6025390625,-42.52671755725191,63.20610687022901,-22.610687022900763
14746,-2.0,-0.4957275390625,-0.752197265625,-125.19083969465649,46.038167938931295,2.4885496183206106
14747,-1.012939453125,-0.3135986328125,-0.52490234375,-173.10687022900763,37.29007633587786,5.603053435114504
14748,-0.2242431640625,-0.043701171875,-0.4598388671875,-61.97709923664122,32.458015267175576,-31.931297709923665
14749,-0.8096923828125,-0.0009765625,-0.6602783203125,29.66412213740458,28.404580152671755,-59.56488549618321
14750,-1.3182373046875,0.2508544921875,-0.7132568359375,38.954198473282446,24.47328244274809,-8.664122137404581
14751,-1.2076416015625,0.177490234375,-0.7032470703125,9.229007633587786,6.175572519083969,6.061068702290076
14752,-0.913330078125,0.073486328125,-0.629638671875,-17.870229007633586,-8.50381679389313,4.641221374045801
14753,-0.88916015625,0.00390625,-0.566162109375,-12.34351145038168,-17.709923664122137,9.893129770992367
14754,-0.912841796875,0.042724609375,-0.5670166015625,16.946564885496183,-25.099236641221374,13.595419847328245
14755,-0.8812255859375,0.25390625,-0.5928955078125,47.13740458015267,-37.85496183206107,7.694656488549619
14756,-0.8983154296875,0.239990234375,-0.5609130859375,33.11450381679389,-43.89312977099237,10.274809160305344
14757,-0.8701171875,0.19970703125,-0.523193359375,22.389312977099237,-48.900763358778626,9.770992366412214
14758,-0.83984375,0.2081298828125,-0.5009765625,21.81679389312977,-52.51908396946565,2.7022900763358777
14759,-0.879150390625,0.230224609375,-0.4683837890625,23.50381679389313,-55.37404580152672,-4.122137404580153
14760,-0.9034423828125,0.200439453125,-0.430908203125,20.137404580152673,-57.045801526717554,-6.076335877862595
14761,-0.8916015625,0.161376953125,-0.365478515625,14.358778625954198,-56.13740458015267,-5.473282442748092
14762,-0.8966064453125,0.1514892578125,-0.2989501953125,12.778625954198473,-52.25954198473283,-7.0534351145038165
14763,-0.8668212890625,0.163330078125,-0.273193359375,13.473282442748092,-45.89312977099237,-9.412213740458014
14764,-0.8641357421875,0.188232421875,-0.263671875,12.511450381679388,-38.16030534351145,-10.274809160305344
14765,-0.8856201171875,0.179931640625,-0.2564697265625,8.267175572519085,-29.793893129770993,-11.19083969465649
14766,-0.8924560546875,0.130859375,-0.2520751953125,2.145038167938931,-21.625954198473284,-10.587786259541986
14767,-0.9051513671875,0.1417236328125,-0.218994140625,3.3435114503816794,-3.7404580152671754,-10.13740458015267
14768,-0.9273681640625,0.1641845703125,-0.21533203125,5.534351145038168,5.00763358778626,-10.366412213740459
14769,-0.9483642578125,0.129150390625,-0.2303466796875,2.8931297709923665,12.86259541984733,-7.717557251908397
14770,-0.951171875,0.0975341796875,-0.234375,2.9389312977099236,21.33587786259542,-6.603053435114504
14771,-1.0030517578125,0.133056640625,-0.275634765625,7.396946564885496,28.717557251908396,-7.938931297709924
14772,-1.0478515625,0.1517333984375,-0.3338623046875,10.068702290076336,32.900763358778626,-9.244274809160306
14773,-1.08251953125,0.1279296875,-0.3592529296875,12.244274809160306,33.83206106870229,-9.007633587786259
14774,-1.1392822265625,0.107666015625,-0.37646484375,19.83969465648855,31.984732824427482,-9.526717557251908
14775,-1.2142333984375,0.075439453125,-0.3646240234375,25.763358778625953,27.83969465648855,-9.854961832061068
14776,-1.2767333984375,0.0565185546875,-0.3089599609375,31.80916030534351,23.282442748091604,-12.068702290076336
14777,-1.3826904296875,0.0751953125,-0.19970703125,44.33587786259542,20.641221374045802,-16.076335877862597
14778,-1.3907470703125,0.1334228515625,0.125,76.47328244274809,24.893129770992367,-24.564885496183205
14779,-1.3074951171875,0.3150634765625,0.1253662109375,80.66412213740458,28.885496183206108,-26.885496183206108
14780,-1.24853515625,0.4769287109375,-0.3094482421875,62.717557251908396,40.274809160305345,-25.83206106870229
14781,-1.4332275390625,0.46923828125,-0.7540283203125,46.61832061068702,78.20610687022901,-29.793893129770993
14782,-1.619873046875,0.3482666015625,-0.9542236328125,42.458015267175576,126.02290076335878,-32.83206106870229
14783,-1.806640625,0.2047119140625,-0.9212646484375,41.79389312977099,166.96946564885496,-33.02290076335878
14784,-1.7880859375,0.0948486328125,-0.7894287109375,45.74809160305343,189.2290076335878,-34.55725190839695
14785,-1.665283203125,0.08447265625,-0.704345703125,59.099236641221374,197.13740458015266,-39.42748091603053
14786,-1.60986328125,0.0328369140625,-0.740966796875,82.06870229007633,190.15267175572518,-41.66412213740458
14787,-1.40869140625,0.0550537109375,-0.7767333984375,105.3587786259542,173.13740458015266,-26.38167938931298
14788,-1.1712646484375,0.1385498046875,-0.6617431640625,100.26717557251908,155.8854961832061,-17.748091603053435
14789,-0.830810546875,0.1546630859375,-0.3551025390625,15.587786259541986,100.94656488549619,-8.648854961832061
14790,-0.6923828125,0.07373046875,-0.2662353515625,-28.068702290076335,64.65648854961832,-0.5954198473282443
14791,-0.4677734375,0.0631103515625,-0.129150390625,-46.83969465648855,26.641221374045802,1.4122137404580153
14792,-0.314208984375,0.079345703125,-0.0181884765625,-51.61832061068702,-11.236641221374045,2.4885496183206106
14793,-0.2313232421875,0.0296630859375,0.0150146484375,-54.656488549618324,-49.56488549618321,9.816793893129772
14794,-0.18505859375,-0.0498046875,0.0260009765625,-47.83969465648855,-85.51908396946565,20.625954198473284
14795,-0.183837890625,-0.061767578125,-0.0321044921875,-24.389312977099237,-116.48091603053435,32.458015267175576
14796,-0.203369140625,-0.007080078125,-0.1209716796875,-1.1755725190839694,-141.81679389312978,42.85496183206107
14797,-0.2115478515625,0.00927734375,-0.2525634765625,1.702290076335878,-161.80152671755727,51.267175572519086
14798,-0.194091796875,-0.0487060546875,-0.3865966796875,-17.27480916030534,-177.18320610687022,56.656488549618324
14799,-0.143798828125,-0.25341796875,-0.892333984375,-44.61068702290076,-186.9236641221374,55.63358778625954
14800,-0.1390380859375,-0.3123779296875,-1.251220703125,-41.969465648854964,-177.1145038167939,50.93893129770992
14801,-0.165283203125,-0.343505859375,-1.534423828125,-33.41984732824427,-154.98473282442748,41.99236641221374
14802,-0.198486328125,-0.3656005859375,-1.6942138671875,-22.732824427480917,-121.12213740458016,30.755725190839694
14803,-0.21728515625,-0.3341064453125,-1.8316650390625,-13.374045801526718,-79.45801526717557,17.129770992366414
14804,-0.384765625,0.0970458984375,-2.0,-9.541984732824428,-26.458015267175572,-2.213740458015267
14805,-1.30615234375,0.416748046875,-1.3438720703125,-10.664122137404581,39.274809160305345,3.2900763358778624
14806,-2.0,-0.108642578125,-0.5411376953125,-54.42748091603053,57.091603053435115,-4.290076335877862
14807,-1.4822998046875,-0.2252197265625,-0.765380859375,-105.04580152671755,41.786259541984734,-21.328244274809162
14808,-0.5233154296875,-0.10791015625,-0.7242431640625,-93.3969465648855,49.42748091603053,-34.49618320610687
14809,-0.586181640625,0.009521484375,-0.6083984375,-54.37404580152672,47.49618320610687,-56.030534351145036
14810,-1.268798828125,0.019775390625,-0.640380859375,-15.648854961832061,35.541984732824424,-1.9618320610687023
14811,-0.97607421875,0.034423828125,-0.611083984375,-16.480916030534353,19.236641221374047,7.8320610687022905
14812,-0.89453125,0.038330078125,-0.60302734375,-6.396946564885496,9.67175572519084,7.137404580152672
14813,-1.00537109375,0.0859375,-0.6195068359375,6.00763358778626,2.2290076335877864,11.312977099236642
14814,-0.93505859375,0.1363525390625,-0.6058349609375,19.49618320610687,-7.854961832061068,13.641221374045802
14815,-0.875732421875,0.1993408203125,-0.60888671875,26.244274809160306,-15.900763358778626,11.732824427480915
14816,-0.86181640625,0.2310791015625,-0.612548828125,23.885496183206108,-23.045801526717558,6.32824427480916
14817,-0.8470458984375,0.212158203125,-0.60009765625,16.587786259541986,-30.244274809160306,1.9618320610687023
14818,-0.867431640625,0.1783447265625,-0.5780029296875,11.038167938931299,-36.9236641221374,-1.6564885496183206
14819,-0.9212646484375,0.15234375,-0.5372314453125,9.564885496183207,-42.70992366412214,-5.541984732824427
14820,-0.895263671875,0.1253662109375,-0.490234375,10.038167938931299,-50.54961832061068,-8.916030534351146
14821,-0.920654296875,0.1322021484375,-0.4404296875,12.244274809160306,-53.030534351145036,-8.526717557251908
14822,-0.92138671875,0.1407470703125,-0.3956298828125,16.908396946564885,-53.79389312977099,-8.610687022900763
14823,-0.8756103515625,0.1483154296875,-0.3692626953125,20.389312977099237,-51.908396946564885,-8.244274809160306
14824,-0.8524169921875,0.1483154296875,-0.337646484375,21.47328244274809,-48.17557251908397,-7.427480916030534
14825,-0.875,0.1573486328125,-0.2947998046875,21.50381679389313,-42.274809160305345,-6.458015267175573
14826,-0.872314453125,0.1468505859375,-0.2828369140625,21.0,-34.63358778625954,-6.824427480916031
14827,-0.8902587890625,0.1331787109375,-0.2716064453125,17.900763358778626,-26.16793893129771,-6.0
14828,-0.9151611328125,0.1163330078125,-0.295166015625,12.595419847328245,-18.458015267175572,-6.3816793893129775
14829,-0.883544921875,0.08154296875,-0.2752685546875,10.641221374045802,-11.450381679389313,-5.366412213740458
14830,-0.89599609375,0.1195068359375,-0.2293701171875,14.213740458015268,-3.3587786259541983,-4.091603053435114
14831,-0.9871826171875,0.146240234375,-0.2769775390625,10.923664122137405,13.648854961832061,-8.213740458015268
14832,-0.98779296875,0.076904296875,-0.286376953125,10.335877862595419,19.83969465648855,-7.106870229007634
14833,-0.9969482421875,0.087158203125,-0.305419921875,19.03053435114504,25.14503816793893,-8.778625954198473
14834,-1.049072265625,0.13427734375,-0.362060546875,27.885496183206108,28.72519083969466,-11.549618320610687
14835,-1.1397705078125,0.1021728515625,-0.40771484375,31.87786259541985,27.83969465648855,-12.374045801526718
14836,-1.1702880859375,0.0333251953125,-0.3778076171875,39.94656488549618,23.480916030534353,-12.526717557251908
14837,-1.25048828125,0.0396728515625,-0.350341796875,49.66412213740458,18.267175572519083,-16.282442748091604
14838,-1.3125,0.0419921875,-0.2554931640625,50.82442748091603,13.916030534351146,-21.35114503816794
14839,-1.3980712890625,0.06640625,-0.08447265625,57.14503816793893,12.755725190839694,-25.862595419847327
14840,-1.3900146484375,0.1815185546875,0.056640625,76.77099236641222,16.00763358778626,-32.42748091603053
14841,-1.3326416015625,0.3790283203125,0.145263671875,84.92366412213741,22.099236641221374,-37.3587786259542
14842,-1.243408203125,0.6083984375,-0.003662109375,62.6412213740458,29.908396946564885,-37.847328244274806
14843,-1.6015625,0.435546875,-1.0098876953125,-7.206106870229007,99.07633587786259,-40.0763358778626
14844,-1.7869873046875,0.2294921875,-0.9757080078125,-19.18320610687023,143.34351145038167,-37.091603053435115
14845,-1.8770751953125,0.0902099609375,-0.8387451171875,-4.694656488549619,178.70992366412213,-33.404580152671755
14846,-1.8179931640625,0.0458984375,-0.7554931640625,21.137404580152673,195.35114503816794,-35.458015267175576
14847,-1.6949462890625,0.055908203125,-0.7755126953125,53.76335877862596,197.38167938931298,-36.02290076335878
14848,-1.523681640625,0.1099853515625,-0.7818603515625,82.54961832061069,192.4885496183206,-28.770992366412212
14849,-1.3350830078125,0.1461181640625,-0.7645263671875,85.73282442748092,179.5801526717557,-20.022900763358777
14850,-1.1036376953125,0.176513671875,-0.6375732421875,49.3587786259542,159.70992366412213,-16.137404580152673
14851,-0.912841796875,0.11669921875,-0.453857421875,-6.900763358778626,131.13740458015266,-14.259541984732824
14852,-0.718505859375,0.029296875,-0.31689453125,-50.954198473282446,96.91603053435115,-8.16030534351145
14853,-0.49951171875,-0.017822265625,-0.15380859375,-68.2824427480916,60.343511450381676,-5.236641221374046
14854,-0.2364501953125,-0.019775390625,-0.0064697265625,-54.23664122137404,-15.01526717557252,2.5114503816793894
14855,-0.1666259765625,-0.03662109375,0.0,-45.06106870229008,-52.0763358778626,10.84732824427481
14856,-0.1241455078125,-0.034423828125,-0.04638671875,-35.3206106870229,-85.33587786259542,20.114503816793892
14857,-0.1204833984375,-0.0032958984375,-0.1075439453125,-26.068702290076335,-113.34351145038168,27.66412213740458
14858,-0.1279296875,0.01611328125,-0.2171630859375,-24.366412213740457,-136.7709923664122,35.31297709923664
14859,-0.1064453125,-0.0091552734375,-0.3245849609375,-34.6793893129771,-155.10687022900763,41.06870229007634
14860,-0.0953369140625,-0.0657958984375,-0.4654541015625,-48.97709923664122,-168.0763358778626,44.62595419847328
14861,-0.102294921875,-0.123291015625,-0.6046142578125,-55.10687022900763,-176.6030534351145,45.847328244274806
14862,-0.1343994140625,-0.172607421875,-0.8116455078125,-46.63358778625954,-179.0763358778626,44.82442748091603
14863,-0.162353515625,-0.2080078125,-1.04638671875,-28.328244274809162,-172.4198473282443,42.11450381679389
14864,-0.216064453125,-0.206787109375,-1.29931640625,-11.221374045801527,-153.4885496183206,36.79389312977099
14865,-0.370849609375,-0.1578369140625,-1.5986328125,-26.358778625954198,-88.55725190839695,13.740458015267176
14866,-0.3709716796875,-0.1275634765625,-1.564697265625,-61.2442748091603,-50.87022900763359,-4.541984732824427
14867,-0.3319091796875,-0.1444091796875,-1.4373779296875,-91.22137404580153,-19.732824427480917,-18.328244274809162
14868,-0.298095703125,0.1922607421875,-1.5689697265625,-94.77862595419847,2.5343511450381677,-23.6793893129771
14869,-1.03662109375,0.5245361328125,-0.8299560546875,-57.61068702290076,23.702290076335878,-38.38167938931298
14870,-2.0,0.5811767578125,-0.6328125,12.374045801526718,55.595419847328245,-7.305343511450381
14871,-2.0,-0.4813232421875,-0.8870849609375,-61.38167938931298,50.57251908396947,-22.03053435114504
14872,-1.14453125,-0.259765625,-0.5494384765625,-148.4732824427481,25.328244274809162,7.732824427480916
14873,-0.0400390625,-0.0484619140625,-0.412109375,-54.80916030534351,23.82442748091603,-14.473282442748092
14874,-0.8909912109375,-0.092529296875,-0.6396484375,29.091603053435115,28.12213740458015,-59.35114503816794
14875,-1.441162109375,0.18212890625,-0.7071533203125,46.61068702290076,25.81679389312977,-18.396946564885496
14876,-0.8062744140625,0.112548828125,-0.6136474609375,-6.641221374045801,-10.061068702290076,-3.687022900763359
14877,-0.9454345703125,0.03173828125,-0.5499267578125,-12.244274809160306,-18.625954198473284,7.2748091603053435
14878,-0.979248046875,0.0201416015625,-0.5264892578125,8.65648854961832,-26.671755725190838,11.335877862595419
14879,-0.873046875,0.1412353515625,-0.5245361328125,34.16030534351145,-32.74809160305343,7.198473282442748
14880,-0.87158203125,0.249267578125,-0.544921875,45.45038167938932,-37.458015267175576,3.2290076335877864
14881,-0.8948974609375,0.25146484375,-0.5181884765625,37.58015267175573,-41.37404580152672,6.206106870229007
14882,-0.9072265625,0.196044921875,-0.4793701171875,25.00763358778626,-44.099236641221374,7.183206106870229
14883,-0.9327392578125,0.1593017578125,-0.4320068359375,20.954198473282442,-45.35114503816794,2.618320610687023
14884,-0.9273681640625,0.1617431640625,-0.421875,23.46564885496183,-47.48091603053435,-2.2748091603053435
14885,-0.9093017578125,0.1524658203125,-0.4166259765625,27.82442748091603,-49.229007633587784,-2.7022900763358777
14886,-0.9278564453125,0.13232421875,-0.3699951171875,30.793893129770993,-49.961832061068705,-0.8625954198473282
14887,-0.87109375,0.206298828125,-0.3468017578125,37.030534351145036,-47.35114503816794,-5.603053435114504
14888,-0.87060546875,0.216064453125,-0.3004150390625,35.14503816793893,-44.267175572519086,-5.870229007633588
14889,-0.900146484375,0.187255859375,-0.2738037109375,30.587786259541986,-40.091603053435115,-5.106870229007634
14890,-0.8948974609375,0.14990234375,-0.244384765625,25.076335877862597,-34.57251908396947,-5.145038167938932
14891,-0.8941650390625,0.14306640625,-0.222900390625,21.30534351145038,-27.297709923664122,-5.656488549618321
14892,-0.892822265625,0.155517578125,-0.2130126953125,19.954198473282442,-18.763358778625953,-6.793893129770993
14893,-0.8603515625,0.1724853515625,-0.1796875,19.083969465648856,-9.419847328244275,-6.450381679389313
14894,-0.88720703125,0.20849609375,-0.1876220703125,16.717557251908396,0.8244274809160306,-5.7251908396946565
14895,-0.9210205078125,0.193359375,-0.202392578125,10.099236641221374,11.13740458015267,-6.847328244274809
14896,-0.9296875,0.13232421875,-0.1912841796875,7.679389312977099,20.52671755725191,-6.114503816793893
14897,-1.0606689453125,0.1298828125,-0.25830078125,13.335877862595419,35.69465648854962,-6.557251908396947
14898,-1.11962890625,0.0927734375,-0.3179931640625,13.412213740458014,38.13740458015267,-6.511450381679389
14899,-1.17333984375,0.021484375,-0.337646484375,20.984732824427482,36.81679389312977,-6.419847328244275
14900,-1.288818359375,-0.009033203125,-0.2073974609375,35.770992366412216,36.38167938931298,-7.969465648854962
14901,-1.505615234375,0.0274658203125,-0.103759765625,49.23664122137404,39.51908396946565,-12.17557251908397
14902,-1.6572265625,0.04443359375,0.0333251953125,59.17557251908397,43.98473282442748,-15.992366412213741
14903,-1.69970703125,0.05712890625,0.188720703125,75.68702290076335,46.66412213740458,-18.458015267175572
14904,-1.5709228515625,0.15869140625,0.2978515625,95.22900763358778,45.30534351145038,-24.52671755725191
14905,-1.2906494140625,0.3865966796875,0.0943603515625,106.61832061068702,38.54961832061068,-27.793893129770993
14906,-1.2825927734375,0.6671142578125,-0.732666015625,98.23664122137404,53.778625954198475,-34.152671755725194
14907,-1.6851806640625,0.6510009765625,-1.224853515625,67.16793893129771,102.70229007633588,-52.038167938931295
14908,-1.7049560546875,0.1949462890625,-1.0601806640625,5.908396946564886,170.64885496183206,-36.725190839694655
14909,-1.7152099609375,-0.0269775390625,-0.9031982421875,28.793893129770993,196.4198473282443,-37.458015267175576
14910,-1.6295166015625,-0.12548828125,-0.796875,66.31297709923665,199.15267175572518,-43.0
14911,-1.3861083984375,-0.05615234375,-0.7899169921875,103.12213740458016,188.51908396946564,-40.44274809160305
14912,-1.10791015625,0.15185546875,-0.7088623046875,109.6030534351145,172.59541984732823,-37.51908396946565
14913,-0.89990234375,0.25341796875,-0.621337890625,80.2824427480916,145.3587786259542,-31.81679389312977
14914,-0.7755126953125,0.2110595703125,-0.5068359375,16.053435114503817,110.22137404580153,-19.229007633587788
14915,-0.679443359375,0.093017578125,-0.2498779296875,-45.44274809160305,72.2824427480916,-7.297709923664122
14916,-0.5106201171875,-0.00537109375,-0.0048828125,-72.41984732824427,35.10687022900763,2.427480916030534
14917,-0.297119140625,-0.0380859375,0.0985107421875,-61.97709923664122,-1.6412213740458015,6.366412213740458
14918,-0.208740234375,-0.003173828125,0.17041015625,-39.06870229007634,-37.213740458015266,12.183206106870228
14919,-0.2032470703125,0.014404296875,0.14306640625,-26.83206106870229,-75.13740458015268,24.33587786259542
14920,-0.1864013671875,-0.041015625,0.03515625,-27.778625954198475,-140.94656488549617,46.954198473282446
14921,-0.1688232421875,-0.06884765625,-0.0784912109375,-27.076335877862597,-164.91603053435114,52.465648854961835
14922,-0.1815185546875,-0.1165771484375,-0.2860107421875,-30.595419847328245,-182.29007633587787,55.83969465648855
14923,-0.189453125,-0.1912841796875,-0.473876953125,-39.267175572519086,-195.25954198473283,56.038167938931295
14924,-0.2392578125,-0.272705078125,-0.73681640625,-33.97709923664122,-197.9618320610687,52.50381679389313
14925,-0.2783203125,-0.3157958984375,-1.06298828125,-19.702290076335878,-189.08396946564886,47.0763358778626
14926,-0.2977294921875,-0.32080078125,-1.3380126953125,-5.66412213740458,-168.01526717557252,38.099236641221374
14927,-0.31396484375,-0.296142578125,-1.54443359375,-0.5419847328244275,-136.26717557251908,27.236641221374047
14928,-0.374755859375,-0.2335205078125,-1.5806884765625,-5.694656488549619,-97.2824427480916,12.740458015267176
14929,-0.393310546875,0.1387939453125,-2.0,-14.916030534351146,-55.961832061068705,-2.4122137404580153
14930,-1.0655517578125,0.360107421875,-2.0,-2.1297709923664123,19.47328244274809,-8.870229007633588
14931,-1.562255859375,-0.22119140625,-0.393310546875,-100.33587786259542,48.13740458015267,-12.763358778625955
14932,-0.6641845703125,-0.1697998046875,-0.783203125,-76.36641221374046,45.847328244274806,-13.709923664122137
14933,-0.2799072265625,-0.040771484375,-0.800048828125,-45.61068702290076,50.13740458015267,-43.47328244274809
14934,-0.54833984375,0.2080078125,-0.6630859375,-14.908396946564885,47.656488549618324,-51.038167938931295
14935,-1.43505859375,0.1700439453125,-0.5870361328125,1.3435114503816794,42.778625954198475,-13.870229007633588
14936,-1.31689453125,0.0205078125,-0.6405029296875,-24.96946564885496,33.603053435114504,4.213740458015267
14937,-0.70361328125,-0.0198974609375,-0.5535888671875,-27.80916030534351,30.938931297709924,-2.9389312977099236
14938,-0.8436279296875,0.0426025390625,-0.656005859375,-6.412213740458015,26.541984732824428,-0.7862595419847328
14939,-1.0555419921875,0.1142578125,-0.6727294921875,-1.251908396946565,20.251908396946565,5.3816793893129775
14940,-0.8812255859375,0.083984375,-0.623046875,4.534351145038168,-4.900763358778626,9.778625954198473
14941,-0.9522705078125,0.1048583984375,-0.602783203125,14.236641221374045,-13.82442748091603,10.145038167938932
14942,-0.94189453125,0.1435546875,-0.609130859375,19.114503816793892,-22.610687022900763,9.366412213740459
14943,-0.90185546875,0.1583251953125,-0.5836181640625,20.435114503816795,-30.801526717557252,9.816793893129772
14944,-0.9046630859375,0.1636962890625,-0.5560302734375,22.68702290076336,-37.3587786259542,10.236641221374045
14945,-0.900146484375,0.1861572265625,-0.5408935546875,25.33587786259542,-42.3587786259542,8.221374045801527
14946,-0.8922119140625,0.193359375,-0.5206298828125,26.64885496183206,-46.37404580152672,5.221374045801527
14947,-0.8726806640625,0.1959228515625,-0.5064697265625,25.50381679389313,-49.12213740458015,3.198473282442748
14948,-0.8692626953125,0.1868896484375,-0.458740234375,24.862595419847327,-51.06106870229008,0.7557251908396947
14949,-0.9166259765625,0.161376953125,-0.4295654296875,25.213740458015266,-51.717557251908396,0.5572519083969466
14950,-0.889404296875,0.1416015625,-0.396240234375,26.885496183206108,-50.44274809160305,0.5648854961832062
14951,-0.85888671875,0.1951904296875,-0.35009765625,29.64885496183206,-42.396946564885496,-4.358778625954199
14952,-0.8507080078125,0.18505859375,-0.341064453125,23.671755725190838,-36.656488549618324,-6.33587786259542
14953,-0.8587646484375,0.1444091796875,-0.3121337890625,18.755725190839694,-30.297709923664122,-6.67175572519084
14954,-0.883544921875,0.127685546875,-0.280029296875,19.267175572519083,-22.954198473282442,-6.343511450381679
14955,-0.8712158203125,0.1627197265625,-0.2886962890625,19.633587786259543,-13.801526717557252,-8.641221374045802
14956,-0.8282470703125,0.1788330078125,-0.3082275390625,15.389312977099237,-3.946564885496183,-11.977099236641221
14957,-0.85498046875,0.1768798828125,-0.252197265625,11.106870229007633,5.8320610687022905,-12.992366412213741
14958,-0.9913330078125,0.145263671875,-0.2489013671875,6.908396946564886,15.854961832061068,-12.786259541984732
14959,-0.97705078125,0.0716552734375,-0.2825927734375,-0.6335877862595419,26.053435114503817,-12.274809160305344
14960,-0.9283447265625,0.0557861328125,-0.346923828125,-1.6793893129770991,34.49618320610687,-12.412213740458014
14961,-0.9534912109375,0.1080322265625,-0.3778076171875,7.175572519083969,38.99236641221374,-13.801526717557252
14962,-0.9864501953125,0.1573486328125,-0.4178466796875,14.030534351145038,40.57251908396947,-14.854961832061068
14963,-1.0201416015625,0.144775390625,-0.4775390625,12.099236641221374,39.12977099236641,-15.290076335877863
14964,-1.14453125,0.0665283203125,-0.5089111328125,12.358778625954198,23.977099236641223,-13.82442748091603
14965,-1.23974609375,0.0810546875,-0.4456787109375,17.50381679389313,13.351145038167939,-14.916030534351146
14966,-1.403076171875,0.1488037109375,-0.2528076171875,29.778625954198475,5.244274809160306,-16.793893129770993
14967,-1.65283203125,0.17822265625,-0.0716552734375,46.656488549618324,1.8244274809160306,-19.389312977099237
14968,-1.6705322265625,0.081298828125,0.1448974609375,54.32824427480916,2.1755725190839694,-24.053435114503817
14969,-1.490234375,0.1307373046875,0.247314453125,55.847328244274806,3.6564885496183206,-31.14503816793893
14970,-1.23486328125,0.4034423828125,-0.0184326171875,42.69465648854962,5.358778625954199,-33.43511450381679
14971,-1.396728515625,0.5162353515625,-0.486083984375,10.366412213740459,25.938931297709924,-38.93893129770992
14972,-1.5330810546875,0.3499755859375,-0.926025390625,-12.816793893129772,64.81679389312977,-44.900763358778626
14973,-1.5252685546875,0.3272705078125,-1.078857421875,-8.84732824427481,120.16793893129771,-40.18320610687023
14974,-1.833740234375,0.209228515625,-0.9930419921875,0.7404580152671756,176.27480916030535,-52.83206106870229
14975,-1.600830078125,0.2003173828125,-0.7427978515625,16.458015267175572,200.34351145038167,-49.79389312977099
14976,-1.4639892578125,0.1263427734375,-0.7071533203125,36.030534351145036,190.48091603053436,-39.83206106870229
14977,-1.253662109375,0.0885009765625,-0.6119384765625,51.969465648854964,169.13740458015266,-24.053435114503817
14978,-1.017578125,0.0284423828125,-0.5196533203125,55.37404580152672,142.72519083969465,-18.702290076335878
14979,-0.8115234375,0.019775390625,-0.419189453125,47.274809160305345,113.36641221374046,-16.290076335877863
14980,-0.7099609375,0.041015625,-0.2850341796875,29.549618320610687,81.45801526717557,-12.625954198473282
14981,-0.6256103515625,0.082763671875,-0.22998046875,12.51908396946565,47.57251908396947,-3.2290076335877864
14982,-0.478759765625,0.1268310546875,-0.178466796875,-8.931297709923664,13.320610687022901,3.9618320610687023
14983,-0.35546875,0.112548828125,-0.1103515625,-34.656488549618324,-23.061068702290076,9.488549618320612
14984,-0.2518310546875,0.0377197265625,-0.0313720703125,-55.63358778625954,-59.7557251908397,17.17557251908397
14985,-0.16845703125,-0.080322265625,-0.0843505859375,-42.282442748091604,-124.70992366412214,32.961832061068705
14986,-0.1717529296875,-0.059814453125,-0.1326904296875,-23.404580152671755,-149.03053435114504,40.7557251908397
14987,-0.1759033203125,-0.04833984375,-0.263427734375,-14.740458015267176,-167.16030534351145,48.47328244274809
14988,-0.1859130859375,-0.07080078125,-0.40087890625,-24.50381679389313,-179.7175572519084,53.18320610687023
14989,-0.211669921875,-0.1156005859375,-0.5865478515625,-42.86259541984733,-187.31297709923663,53.16793893129771
14990,-0.2127685546875,-0.1619873046875,-0.8692626953125,-55.908396946564885,-187.61832061068702,47.343511450381676
14991,-0.2593994140625,-0.181396484375,-1.144287109375,-55.38931297709924,-178.3587786259542,42.30534351145038
14992,-0.3084716796875,-0.1876220703125,-1.3756103515625,-47.30534351145038,-158.16030534351145,38.6793893129771
14993,-0.337646484375,-0.1810302734375,-1.5059814453125,-38.83206106870229,-128.06106870229007,31.893129770992367
14994,-0.3922119140625,-0.150390625,-1.523193359375,-30.66412213740458,-92.93893129770993,25.519083969465647
14995,-0.31201171875,0.0821533203125,-1.6395263671875,-45.37404580152672,-17.541984732824428,-1.9541984732824427
14996,-0.608154296875,0.3486328125,-1.3756103515625,-62.42748091603053,20.564885496183205,-23.52671755725191
14997,-1.2894287109375,0.4613037109375,-0.851806640625,-65.85496183206106,56.83969465648855,-10.67175572519084
14998,-2.0,-0.054443359375,-0.56298828125,-83.68702290076335,67.3969465648855,-5.488549618320611
14999,-1.930908203125,-0.4676513671875,-0.510009765625,-141.1145038167939,48.42748091603053,-13.80916030534351
15000,-0.6390380859375,-0.1531982421875,-0.61572265625,-105.20610687022901,52.66412213740458,-8.290076335877863
15001,-0.268310546875,-0.0377197265625,-0.4193115234375,-11.557251908396946,46.099236641221374,-46.29770992366412
15002,-1.0811767578125,0.118896484375,-0.7266845703125,46.62595419847328,51.57251908396947,-45.900763358778626
15003,-1.403076171875,0.2198486328125,-0.666748046875,25.045801526717558,37.091603053435115,-10.34351145038168
15004,-0.9930419921875,0.115478515625,-0.5985107421875,-7.022900763358779,19.35114503816794,-7.465648854961832
15005,-0.8057861328125,0.018310546875,-0.5367431640625,-18.442748091603054,11.419847328244275,-4.923664122137405
15006,-0.97216796875,0.0118408203125,-0.545654296875,-5.7251908396946565,5.015267175572519,0.7862595419847328
15007,-0.9169921875,0.1832275390625,-0.5711669921875,28.328244274809162,-8.145038167938932,-0.2595419847328244
15008,-0.9359130859375,0.197998046875,-0.5638427734375,19.31297709923664,-14.702290076335878,0.1984732824427481
15009,-0.905029296875,0.1427001953125,-0.5242919921875,7.458015267175573,-20.778625954198475,0.8015267175572519
15010,-0.9119873046875,0.11279296875,-0.500244140625,6.061068702290076,-25.129770992366414,-0.19083969465648856
15011,-0.92138671875,0.12548828125,-0.49755859375,9.793893129770993,-28.81679389312977,-2.572519083969466
15012,-0.90869140625,0.126220703125,-0.47802734375,11.106870229007633,-32.16030534351145,-2.7938931297709924
15013,-0.915771484375,0.116943359375,-0.460205078125,10.83206106870229,-35.091603053435115,-0.25190839694656486
15014,-0.9217529296875,0.1295166015625,-0.4515380859375,13.129770992366412,-37.603053435114504,0.44274809160305345
15015,-0.9117431640625,0.1370849609375,-0.4246826171875,17.442748091603054,-39.64885496183206,-0.5114503816793893
15016,-0.9222412109375,0.1373291015625,-0.37841796875,19.3206106870229,-40.770992366412216,0.25190839694656486
15017,-0.92724609375,0.1358642578125,-0.357177734375,19.702290076335878,-40.282442748091604,0.8625954198473282
15018,-0.898193359375,0.142822265625,-0.3197021484375,20.374045801526716,-37.86259541984733,0.10687022900763359
15019,-0.8704833984375,0.19677734375,-0.32470703125,21.541984732824428,-29.34351145038168,-4.572519083969466
15020,-0.888916015625,0.1605224609375,-0.295166015625,18.3206106870229,-24.84732824427481,-4.541984732824427
15021,-0.887939453125,0.13623046875,-0.2784423828125,15.251908396946565,-18.946564885496183,-4.633587786259542
15022,-0.87060546875,0.14697265625,-0.311279296875,12.396946564885496,-12.221374045801527,-7.33587786259542
15023,-0.86669921875,0.1512451171875,-0.2652587890625,11.053435114503817,-5.374045801526718,-8.244274809160306
15024,-0.91943359375,0.1607666015625,-0.266357421875,11.122137404580153,1.4580152671755726,-8.13740458015267
15025,-0.911865234375,0.1337890625,-0.26708984375,7.679389312977099,8.50381679389313,-9.259541984732824
15026,-0.931884765625,0.1246337890625,-0.2587890625,3.687022900763359,15.465648854961833,-8.946564885496183
15027,-0.9532470703125,0.1275634765625,-0.3172607421875,2.633587786259542,20.931297709923665,-10.01526717557252
15028,-0.96435546875,0.1116943359375,-0.309326171875,2.114503816793893,23.83969465648855,-10.213740458015268
15029,-1.0899658203125,0.0643310546875,-0.3182373046875,12.717557251908397,25.633587786259543,-7.9541984732824424
15030,-1.0980224609375,0.0936279296875,-0.355224609375,20.83969465648855,26.076335877862597,-8.916030534351146
15031,-1.189208984375,0.1092529296875,-0.3953857421875,25.572519083969464,24.6793893129771,-9.145038167938932
15032,-1.2757568359375,0.0799560546875,-0.320068359375,28.18320610687023,22.50381679389313,-10.534351145038167
15033,-1.4031982421875,0.0689697265625,-0.265869140625,36.0,20.480916030534353,-12.641221374045802
15034,-1.5018310546875,0.0587158203125,-0.1318359375,50.97709923664122,20.00763358778626,-14.404580152671755
15035,-1.4742431640625,0.1004638671875,0.0150146484375,73.7175572519084,21.946564885496183,-16.84732824427481
15036,-1.329345703125,0.186279296875,0.0411376953125,90.69465648854961,25.740458015267176,-21.15267175572519
15037,-1.1787109375,0.34619140625,-0.0291748046875,86.01526717557252,30.259541984732824,-21.580152671755727
15038,-1.163330078125,0.46630859375,-0.2718505859375,63.94656488549618,37.51145038167939,-23.946564885496183
15039,-1.2510986328125,0.4791259765625,-0.5714111328125,38.534351145038165,53.32824427480916,-30.480916030534353
15040,-1.477294921875,0.313720703125,-0.85791015625,33.44274809160305,124.25190839694656,-20.236641221374047
15041,-1.5360107421875,0.1715087890625,-0.735595703125,35.64885496183206,148.57251908396947,-19.198473282442748
15042,-1.4403076171875,0.1158447265625,-0.661865234375,35.47328244274809,157.64885496183206,-18.458015267175572
15043,-1.3797607421875,0.050048828125,-0.67041015625,35.57251908396947,159.98473282442748,-27.0
15044,-1.2965087890625,0.01904296875,-0.6806640625,42.12977099236641,155.9770992366412,-28.801526717557252
15045,-1.232421875,-0.04736328125,-0.689697265625,47.43511450381679,143.1679389312977,-23.068702290076335
15046,-1.10009765625,-0.091552734375,-0.7431640625,48.908396946564885,122.62595419847328,-11.16030534351145
15047,-0.9549560546875,-0.0340576171875,-0.716552734375,41.458015267175576,109.83969465648855,-8.007633587786259
15048,-0.8919677734375,0.0037841796875,-0.6717529296875,25.328244274809162,96.40458015267176,-11.312977099236642
15049,-0.77685546875,0.05322265625,-0.630126953125,-7.137404580152672,75.74045801526718,-8.320610687022901
15050,-0.629638671875,0.0484619140625,-0.556884765625,-40.80916030534351,53.49618320610687,-4.00763358778626
15051,-0.4112548828125,-0.051513671875,-0.3841552734375,-56.43511450381679,3.877862595419847,4.641221374045801
15052,-0.3150634765625,-0.085693359375,-0.3101806640625,-38.19847328244275,-23.00763358778626,8.213740458015268
15053,-0.250732421875,-0.0755615234375,-0.263916015625,-15.030534351145038,-49.02290076335878,11.854961832061068
15054,-0.2205810546875,-0.033935546875,-0.2735595703125,1.0229007633587786,-73.22900763358778,15.84732824427481
15055,-0.2327880859375,0.0091552734375,-0.2965087890625,-1.4122137404580153,-95.26717557251908,20.213740458015266
15056,-0.2362060546875,0.005859375,-0.32568359375,-21.099236641221374,-115.44274809160305,22.763358778625953
15057,-0.2259521484375,-0.0462646484375,-0.3472900390625,-40.62595419847328,-133.0381679389313,24.603053435114504
15058,-0.2352294921875,-0.0943603515625,-0.393310546875,-43.847328244274806,-146.93893129770993,26.068702290076335
15059,-0.283447265625,-0.1041259765625,-0.550537109375,-35.14503816793893,-154.77862595419847,28.66412213740458
15060,-0.3544921875,-0.081298828125,-0.68798828125,-30.763358778625953,-156.21374045801528,31.106870229007633
15061,-0.368408203125,-0.0833740234375,-0.815673828125,-32.42748091603053,-152.21374045801528,31.045801526717558
15062,-0.3917236328125,-0.145751953125,-1.0382080078125,-23.38167938931298,-127.6412213740458,22.625954198473284
15063,-0.3857421875,-0.1766357421875,-1.0960693359375,-18.3206106870229,-108.22137404580153,14.572519083969466
15064,-0.39404296875,-0.1866455078125,-1.1019287109375,-15.83206106870229,-86.57251908396947,5.534351145038168
15065,-0.4144287109375,-0.1531982421875,-1.092041015625,-15.259541984732824,-64.25190839694656,-5.732824427480916
15066,-0.4530029296875,-0.0909423828125,-1.0953369140625,-15.83206106870229,-43.396946564885496,-18.30534351145038
15067,-0.4254150390625,-0.0201416015625,-1.28369140625,-19.374045801526716,-23.30534351145038,-29.3206106870229
15068,-0.86767578125,0.49462890625,-1.59130859375,-20.083969465648856,10.236641221374045,-42.76335877862596
15069,-2.0,0.7501220703125,-0.8443603515625,0.06870229007633588,58.25190839694657,-12.48091603053435
15070,-2.0,-0.2030029296875,-0.291015625,-76.81679389312977,47.70229007633588,-4.297709923664122
15071,-0.741943359375,-0.407958984375,-0.5455322265625,-124.67175572519083,26.778625954198475,10.198473282442748
15072,-0.849853515625,0.044921875,-0.59716796875,73.61068702290076,26.977099236641223,-9.290076335877863
15073,-1.211181640625,0.355224609375,-0.8719482421875,122.5114503816794,23.610687022900763,20.221374045801525
15074,-1.0003662109375,0.0443115234375,-0.64501953125,43.083969465648856,12.541984732824428,17.923664122137403
15075,-0.970703125,-0.0125732421875,-0.581298828125,27.38167938931298,5.870229007633588,16.549618320610687
15076,-0.976806640625,0.171142578125,-0.6492919921875,44.10687022900763,1.1068702290076335,14.427480916030534
15077,-0.979736328125,0.106201171875,-0.6046142578125,24.51145038167939,-4.908396946564886,15.488549618320612
15078,-0.9283447265625,0.0811767578125,-0.5867919921875,20.99236641221374,-11.244274809160306,15.16030534351145
15079,-0.9139404296875,0.180419921875,-0.60107421875,30.938931297709924,-16.450381679389313,14.236641221374045
15080,-0.8917236328125,0.2132568359375,-0.5916748046875,24.51145038167939,-19.47328244274809,11.641221374045802
15081,-0.857177734375,0.2176513671875,-0.5599365234375,10.786259541984732,-18.557251908396946,4.969465648854962
15082,-0.8402099609375,0.2239990234375,-0.523681640625,-1.5648854961832062,-15.404580152671755,-4.305343511450381
15083,-0.8616943359375,0.21923828125,-0.500732421875,-12.335877862595419,-13.923664122137405,-11.106870229007633
15084,-0.8929443359375,0.19970703125,-0.486572265625,-23.748091603053435,-16.740458015267176,-13.465648854961833
15085,-0.8963623046875,0.15185546875,-0.4342041015625,-31.076335877862597,-27.61832061068702,-14.091603053435115
15086,-0.8929443359375,0.1270751953125,-0.41796875,-26.908396946564885,-31.633587786259543,-13.374045801526718
15087,-0.91845703125,0.1129150390625,-0.399658203125,-20.9618320610687,-34.01526717557252,-12.381679389312977
15088,-0.9293212890625,0.0885009765625,-0.3800048828125,-15.145038167938932,-35.80152671755725,-11.244274809160306
15089,-0.940673828125,0.0706787109375,-0.3409423828125,-8.702290076335878,-36.458015267175576,-8.030534351145038
15090,-0.9354248046875,0.0914306640625,-0.298095703125,0.25190839694656486,-35.2442748091603,-5.603053435114504
15091,-0.9034423828125,0.1414794921875,-0.3106689453125,10.748091603053435,-32.57251908396947,-6.5038167938931295
15092,-0.88818359375,0.1788330078125,-0.2904052734375,15.435114503816793,-28.396946564885496,-7.480916030534351
15093,-0.90185546875,0.1864013671875,-0.2547607421875,14.877862595419847,-22.931297709923665,-7.267175572519084
15094,-0.9156494140625,0.1558837890625,-0.279296875,11.435114503816793,-17.6793893129771,-7.1603053435114505
15095,-0.9072265625,0.1158447265625,-0.26025390625,7.549618320610687,-11.49618320610687,-6.961832061068702
15096,-0.8994140625,0.1495361328125,-0.2537841796875,11.450381679389313,2.7709923664122136,-9.557251908396946
15097,-0.9146728515625,0.171630859375,-0.23486328125,11.030534351145038,10.358778625954198,-10.595419847328245
15098,-0.9444580078125,0.14501953125,-0.2310791015625,6.244274809160306,18.14503816793893,-10.16793893129771
15099,-0.9481201171875,0.095703125,-0.2320556640625,2.3587786259541983,26.12213740458015,-9.488549618320612
15100,-0.9664306640625,0.0740966796875,-0.2635498046875,5.458015267175573,33.81679389312977,-8.564885496183207
15101,-0.989501953125,0.113525390625,-0.3306884765625,9.931297709923664,40.16793893129771,-9.17557251908397
15102,-1.0098876953125,0.150390625,-0.410400390625,9.213740458015268,43.42748091603053,-11.251908396946565
15103,-1.0234375,0.11669921875,-0.4609375,7.1679389312977095,42.19847328244275,-12.099236641221374
15104,-1.0848388671875,0.0804443359375,-0.4991455078125,11.419847328244275,37.17557251908397,-12.061068702290076
15105,-1.2110595703125,0.0567626953125,-0.456787109375,19.099236641221374,29.137404580152673,-12.34351145038168
15106,-1.4478759765625,0.09521484375,-0.2537841796875,41.19083969465649,17.27480916030534,-17.50381679389313
15107,-1.5096435546875,0.0908203125,-0.080322265625,45.06870229007634,17.893129770992367,-22.17557251908397
15108,-1.4981689453125,0.064453125,0.0428466796875,50.534351145038165,21.900763358778626,-26.755725190839694
15109,-1.3349609375,0.1856689453125,0.1226806640625,55.23664122137404,26.595419847328245,-33.20610687022901
15110,-1.173583984375,0.4581298828125,-0.0546875,39.69465648854962,29.267175572519083,-39.35114503816794
15111,-1.2274169921875,0.5941162109375,-0.5054931640625,0.9770992366412213,46.35114503816794,-46.43511450381679
15112,-1.3704833984375,0.4129638671875,-0.8511962890625,-40.17557251908397,77.92366412213741,-48.30534351145038
15113,-1.4423828125,0.2177734375,-0.9029541015625,-62.465648854961835,116.3206106870229,-45.19847328244275
15114,-1.6541748046875,0.0762939453125,-0.8067626953125,-47.52671755725191,158.1908396946565,-48.412213740458014
15115,-1.6829833984375,0.0596923828125,-0.7158203125,-15.946564885496183,182.09923664122138,-55.19083969465649
15116,-1.575439453125,0.1263427734375,-0.7437744140625,17.557251908396946,190.1908396946565,-60.9236641221374
15117,-1.2989501953125,0.106201171875,-0.8060302734375,54.9236641221374,168.75572519083968,-51.58015267175573
15118,-1.129638671875,0.0733642578125,-0.788330078125,56.76335877862596,146.9236641221374,-37.19847328244275
15119,-1.0264892578125,0.0567626953125,-0.76953125,43.50381679389313,126.0,-33.030534351145036
15120,-0.9273681640625,0.0889892578125,-0.7384033203125,22.51145038167939,106.43511450381679,-29.244274809160306
15121,-0.7626953125,0.1671142578125,-0.6416015625,-9.282442748091603,83.77862595419847,-22.49618320610687
