"unknown","-0.03390302136540413","0.03725055977702141","-0.01103222370147705","1593690092467","0.05156286474977827","0"
"unknown","-0.03878994286060333","0.06840468943119049","-0.0024801110848784447","1593690092488","0.0786766302932442","0"
"unknown","-0.03695734590291977","0.01892460323870182","-0.006145302206277847","1593690092507","0.041973214829660446","0"
"unknown","0.003970624413341284","-0.014062118716537952","0.0005742153152823448","1593690092528","0.014623226875697908","0"
"unknown","0.008246680721640587","-0.09713979065418243","0.007904598489403725","1593690092548","0.0978091475708778","0"
"unknown","-0.010079276748001575","-0.0684291273355484","0.0011850809678435326","1593690092568","0.06917760985006527","0"
"unknown","0.011911872774362564","0.08550891280174255","-0.036077700555324554","1593690092593","0.0935695856509383","0"
"unknown","0.029016099870204926","0.09406103193759918","-0.03668856620788574","1593690092617","0.10504981042931098","0"
"unknown","-0.007024950347840786","0.03053104504942894","-0.014697415754199028","1593690092638","0.0346050382032973","0"
"unknown","-0.024129176512360573","-0.007953466847538948","0.014013251289725304","1593690092657","0.029014582639916468","0"
"unknown","-0.032681290060281754","-0.04216191917657852","0.01523498073220253","1593690092677","0.055477912601027024","0"
"unknown","-0.03084869496524334","-0.018338175490498543","0.016456712037324905","1593690092697","0.039481059160797416","0"
"unknown","-0.02535090781748295","0.018313739448785782","-0.0037018414586782455","1593690092718","0.03149230397976178","0"
"unknown","0.011911872774362564","0.09711535274982452","-0.016530010849237442","1593690092738","0.0992296614495452","0"
"unknown","0.023518312722444534","0.02808758243918419","-0.02263866364955902","1593690092757","0.04306428232800971","0"
"unknown","0.027183502912521362","-0.029333749786019325","-0.008588762953877449","1593690092777","0.040904505328652294","0"
"unknown","-0.007635815069079399","-0.09469632804393768","0.0036285417154431343","1593690092797","0.09507295373425056","0"
"unknown","-0.021074850112199783","0.007318164221942425","-0.0012583807110786438","1593690092817","0.022344761284135935","0"
"unknown","-0.03451388701796532","0.04030488803982735","-0.009810494258999825","1593690092837","0.05396237758473732","0"
"unknown","0.002138028386980295","-0.01589471474289894","-0.004923571832478046","1593690092857","0.016776611151577477","0"
"unknown","0.015577063895761967","-0.007953466847538948","-0.02324952930212021","1593690092877","0.029093696349513556","0"
"unknown","-0.017409659922122955","0.03908315673470497","-0.012864820659160614","1593690092897","0.044677656715027644","0"
"unknown","-0.02229658141732216","-0.058655280619859695","0.01523498073220253","1593690092917","0.06457309134155145","0"
"unknown","-0.0015271632000803947","-0.08980940282344818","0.008515463210642338","1593690092937","0.09022513051603674","0"
"unknown","0.03084869496524334","0.05313305929303169","-0.012864820659160614","1593690092957","0.06277155073349563","0"
"unknown","0.049785517156124115","0.12399342656135559","-0.020806068554520607","1593690092978","0.1352252196804443","0"
"unknown","0.029016099870204926","-0.007953466847538948","-0.004312707111239433","1593690092998","0.03039393244053725","0"
"unknown","-0.019853120669722557","-0.15028506517410278","0.02989574708044529","1593690093018","0.15451052685240846","0"
"unknown","-0.025961773470044136","-0.0684291273355484","0.027452286332845688","1593690093037","0.0781676862553519","0"
"unknown","-0.015577062964439392","0.07878939807415009","0.009737193584442139","1593690093058","0.08090257769926676","0"
"unknown","0.005803219974040985","0.17836043238639832","-0.016530010849237442","1593690093077","0.17921875588734004","0"
"unknown","0.014355333521962166","0.06229603663086891","-0.02019520290195942","1593690093098","0.06704265806702955","0"
"unknown","0.027183502912521362","-0.10508103668689728","-0.0024801110848784447","1593690093118","0.10856849475230577","0"
"unknown","0.0009162978967651725","-0.10447017848491669","0.01523498073220253","1593690093147","0.10557917613060139","0"
"unknown","-0.028405234217643738","-0.0061208708211779594","0.012791519984602928","1593690093167","0.03174815544382449","0"
"unknown","-0.007024950347840786","0.05313305929303169","-0.0055344365537166595","1593690093188","0.05388044084075004","0"
"unknown","0.03573561832308769","0.058630842715501785","-0.02019520290195942","1593690093208","0.07157133752218565","0"
"unknown","0.04184427112340927","0.03541796654462814","-0.025082126259803772","1593690093227","0.06028671858476392","0"
"unknown","-0.01313360221683979","-0.07270517945289612","0.020121902227401733","1593690093248","0.07657300814070923","0"
"unknown","-0.013744467869400978","-0.0433836504817009","0.021954499185085297","1593690093268","0.050527730610025356","0"
"unknown","0.012522737495601177","-0.01039692759513855","-0.006145302206277847","1593690093298","0.01739769516369259","0"
"unknown","-0.0015271632000803947","-0.08186815679073334","-0.01103222370147705","1593690093317","0.08262225658714006","0"
"unknown","0.007024950347840786","-0.05437922477722168","-0.010421359911561012","1593690093338","0.05581267559584937","0"
"unknown","0.011301007121801376","0.0250332560390234","-0.012864820659160614","1593690093357","0.030329528194066466","0"
"unknown","-0.019853120669722557","-0.00001221848651766777","0.0017959456890821457","1593690093377","0.01993419099276694","0"
"unknown","0.002138028386980295","0.019535468891263008","0.004239406902343035","1593690093397","0.020104185660420867","0"
"unknown","0.022907447069883347","0.009761625900864601","0.012791519984602928","1593690093417","0.027993989622853578","0"
"unknown","0.024129176512360573","-0.043994516134262085","0.016456712037324905","1593690093437","0.05280679861657905","0"
"unknown","0.014355333521962166","-0.08186815679073334","0.019511036574840546","1593690093458","0.08537652631176577","0"
"unknown","0.010690142400562763","-0.041551053524017334","0.006072002463042736","1593690093477","0.04333172518387954","0"
"unknown","0.016798794269561768","0.04580267518758774","-0.0037018414586782455","1593690093498","0.048926354589688324","0"
"unknown","-0.01191187184303999","0.02442239224910736","0.0030176760628819466","1593690093520","0.027339573932209676","0"
"unknown","-0.016798794269561768","-0.050103168934583664","0.010958924889564514","1593690093547","0.053968741517044914","0"
"unknown","-0.010079276748001575","0.014648547396063805","0.0066828676499426365","1593690093567","0.01899559108330622","0"
"unknown","0.007635816000401974","0.03908315673470497","0.0005742153152823448","1593690093587","0.03982622941692841","0"
"unknown","-0.0027488935738801956","-0.005510005634278059","-0.0037018414586782455","1593690093607","0.0071847204646725725","0"
"unknown","0.025961773470044136","-0.06903998553752899","0.006072002463042736","1593690093627","0.0740094757354982","0"
"unknown","0.03695734590291977","-0.06903998553752899","-0.001869245432317257","1593690093647","0.07833172472055311","0"
"unknown","0.007024950347840786","0.01342681609094143","-0.001869245432317257","1593690093667","0.015268378964900988","0"
"unknown","-0.012522737495601177","0.05130046233534813","-0.012253955006599426","1593690093687","0.054209923478160074","0"
"unknown","-0.004581489134579897","0.07206988334655762","-0.0024801110848784447","1593690093707","0.07225793436896763","0"
"unknown","-0.03695734590291977","0.13743245601654053","-0.012864820659160614","1593690093727","0.14289516784523812","0"
"unknown","0.011911872774362564","-0.046437978744506836","0.012791519984602928","1593690093748","0.04961856070448199","0"
"unknown","0.019853120669722557","-0.07270517945289612","0.017067577689886093","1593690093767","0.07727542771026694","0"
"unknown","-0.030237829312682152","0.01892460323870182","0.012180655263364315","1593690093788","0.03769396890657852","0"
"unknown","-0.02168571576476097","-0.032388076186180115","0.0030176760628819466","1593690093808","0.03909429774394599","0"
"unknown","0.04489859566092491","-0.009786061942577362","-0.01714087650179863","1593690093827","0.049045494675016774","0"
"unknown","0.027183502912521362","0.01892460323870182","-0.02324952930212021","1593690093848","0.04046756789217122","0"
"unknown","-0.021074850112199783","0.004874703474342823","0.0036285417154431343","1593690093867","0.021933498494202154","0"
"unknown","-0.007635815069079399","-0.03605327010154724","0.014013251289725304","1593690093887","0.03942734036798942","0"
"unknown","-0.009468411095440388","-0.01345125399529934","0.007293732836842537","1593690093907","0.017994042942417087","0"
"unknown","-0.014355333521962166","-0.002455679466947913","0.006072002463042736","1593690093937","0.01577894724252405","0"
"unknown","-0.0039706239476799965","-0.01955990679562092","0.007904598489403725","1593690093958","0.02146714898783606","0"
"unknown","0.002138028386980295","0.004263837821781635","0.007904598489403725","1593690093977","0.00923223459584259","0"
"unknown","-0.0039706239476799965","-0.0061208708211779594","0.0036285417154431343","1593690093997","0.008148449492029058","0"
"unknown","0.005192354787141085","-0.041551053524017334","0.014624116010963917","1593690094018","0.04435442893661727","0"
"unknown","0.03634648397564888","-0.0030665446538478136","0.004239406902343035","1593690094038","0.036721154181068125","0"
"unknown","0.012522737495601177","0.008539894595742226","0.007904598489403725","1593690094057","0.01709477789761559","0"
"unknown","-0.0027488935738801956","0.006707299500703812","0.013402385637164116","1593690094078","0.015237067409443472","0"
"unknown","0.0009162978967651725","0.04519180953502655","0.008515463210642338","1593690094098","0.04599622119889346","0"
"unknown","-0.016798794269561768","0.06412863731384277","0.007904598489403725","1593690094121","0.06676199734819302","0"
"unknown","-0.01618792861700058","0.026865851134061813","0.004850272089242935","1593690094147","0.03173874807559942","0"
"unknown","-0.006414084695279598","-0.03544240444898605","0.007904598489403725","1593690094167","0.03687529244470354","0"
"unknown","0.010690142400562763","-0.04277278482913971","-0.001869245432317257","1593690094187","0.04412804488157653","0"
"unknown","0.007635816000401974","-0.0006230836734175682","-0.001869245432317257","1593690094208","0.007885936706714888","0"
"unknown","0.009468411095440388","-0.015283850021660328","0.0030176760628819466","1593690094227","0.018230558109321716","0"
"unknown","0.014355333521962166","0.020146334543824196","-0.0006475150585174561","1593690094247","0.024746104174788033","0"
"unknown","0.007635816000401974","0.05985257402062416","-0.000036650337278842926","1593690094267","0.06033769672545938","0"
"unknown","-0.012522737495601177","0.029309313744306564","0.012791519984602928","1593690094287","0.03434352646514958","0"
"unknown","0.013744467869400978","0.03663969784975052","0.005461137276142836","1593690094307","0.039512047224648905","0"
"unknown","0.030237829312682152","0.04335921257734299","0.011569789610803127","1593690094327","0.05411291591208486","0"
"unknown","-0.017409659922122955","-0.07942469418048859","0.028063151985406876","1593690094347","0.08601696811457701","0"
"unknown","-0.009468411095440388","-0.08980940282344818","0.023176230490207672","1593690094367","0.09323367044105832","0"
"unknown","-0.010079276748001575","-0.1038593053817749","0.013402385637164116","1593690094388","0.10520442516793124","0"
"unknown","-0.0015271632000803947","0.04213748499751091","0.0066828676499426365","1593690120043","0.04269145803766588","0"
"unknown","0.038179077208042145","0.02197892963886261","-0.008588762953877449","1593690120063","0.044882982672786065","0"
"unknown","0.06505714356899261","0.0476352721452713","-0.021416932344436646","1593690120083","0.08342802929925142","0"
"unknown","0.022907447069883347","0.029920179396867752","-0.010421359911561012","1593690120103","0.039096969304621906","0"
"unknown","-0.03145955875515938","-0.006731736473739147","0.006072002463042736","1593690120123","0.03273972093546908","0"
"unknown","-0.038179077208042145","-0.018338175490498543","0.014624116010963917","1593690120143","0.04480842985287585","0"
"unknown","0.008857546374201775","0.025644121691584587","0.006072002463042736","1593690120163","0.027801912146741475","0"
"unknown","0.017409659922122955","0.0005986467003822327","0.015845846384763718","1593690120183","0.023548789440762812","0"
"unknown","-0.022907447069883347","-0.07942469418048859","0.022565364837646484","1593690120203","0.08568680684434295","0"
"unknown","-0.026572637259960175","-0.07514864206314087","0.014624116010963917","1593690120223","0.08103880690129649","0"
"unknown","0.013744467869400978","-0.004288275260478258","-0.02324952930212021","1593690120243","0.027346669166331244","0"
"unknown","0.04795292019844055","0.026865851134061813","-0.03668856620788574","1593690120263","0.06608560662584549","0"
"unknown","0.04917465150356293","0.05130046233534813","-0.03668856620788574","1593690120283","0.07997458769326511","0"
"unknown","0.027183502912521362","0.05191132798790932","-0.022027797996997833","1593690120303","0.0626015390278857","0"
"unknown","-0.0088575454428792","-0.03177721053361893","0.004850272089242935","1593690120323","0.03334325059004147","0"
"unknown","-0.018020523712038994","-0.061098743230104446","0.0243979599326849","1593690120343","0.06821331356876963","0"
"unknown","-0.03145955875515938","-0.046437978744506836","0.025619689375162125","1593690120364","0.06166488620458477","0"
"unknown","-0.03451388701796532","0.004874703474342823","0.0243979599326849","1593690120383","0.0425468163312902","0"
"unknown","-0.016798794269561768","0.11421957612037659","-0.0006475150585174561","1593690120404","0.11545012054467751","0"
"unknown","0.002138028386980295","0.15514755249023438","-0.029358182102441788","1593690120423","0.15791528445800837","0"
"unknown","0.01618792861700058","0.07878939807415009","-0.03180164098739624","1593690120443","0.0864937145189593","0"
"unknown","0.01618792861700058","-0.02200336754322052","-0.018973473459482193","1593690120463","0.03325943341773626","0"
"unknown","-0.005192354321479797","-0.0684291273355484","0.007293732836842537","1593690120483","0.06901235070623027","0"
"unknown","-0.02535090781748295","-0.043994516134262085","0.008515463210642338","1593690120503","0.05148494042679051","0"
"unknown","-0.0027488935738801956","0.012205086648464203","0.0005742153152823448","1593690120523","0.012523988150958296","0"
"unknown","0.032070424407720566","0.061074305325746536","0.0011850809678435326","1593690120543","0.06899266127360341","0"
"unknown","0.022907447069883347","0.07145901024341583","-0.0012583807110786438","1593690120563","0.07505148098633452","0"
"unknown","-0.014355333521962166","0.009761625900864601","0.005461137276142836","1593690120583","0.018198597778512446","0"
"unknown","-0.007635815069079399","-0.043994516134262085","0.008515463210642338","1593690120603","0.045456971251380464","0"
"unknown","0.010690142400562763","-0.05499009042978287","-0.0037018414586782455","1593690120624","0.0561417208518335","0"
"unknown","0.011301007121801376","-0.041551053524017334","-0.0055344365537166595","1593690120643","0.04341466110532102","0"
"unknown","-0.008246680721640587","-0.012229523621499538","-0.0055344365537166595","1593690120663","0.015754332067739615","0"
"unknown","-0.026572637259960175","0.023811526596546173","-0.0055344365537166595","1593690120684","0.03610711616530133","0"
"unknown","-0.008246680721640587","0.05313305929303169","-0.0006475150585174561","1593690120703","0.053773125337035294","0"
"unknown","0.02535090781748295","0.05679824948310852","-0.0012583807110786438","1593690120722","0.062211680523274485","0"
"unknown","-0.0015271632000803947","0.011594220995903015","0.0017959456890821457","1593690120743","0.011831466893823894","0"
"unknown","-0.05406157299876213","-0.040940191596746445","0.018900172784924507","1593690120763","0.07039864696411996","0"
"unknown","-0.03756821155548096","-0.046437978744506836","0.021954499185085297","1593690120783","0.06363848225579043","0"
"unknown","0.022907447069883347","0.006707299500703812","-0.0012583807110786438","1593690120803","0.023902353856172065","0"
"unknown","-0.002138028386980295","-0.00734260119497776","-0.009199628606438637","1593690120823","0.011963198743999303","0"
"unknown","-0.01313360221683979","-0.029333749786019325","-0.012253955006599426","1593690120844","0.034396508500176746","0"
"unknown","-0.0039706239476799965","-0.040940191596746445","-0.0055344365537166595","1593690120863","0.041502953274186564","0"
"unknown","-0.007635815069079399","-0.04277278482913971","0.004239406902343035","1593690120883","0.04365534749252029","0"
"unknown","-0.029016099870204926","-0.012840388342738152","0.010958924889564514","1593690120904","0.03356944532167829","0"
"unknown","-0.052839841693639755","-0.04521624743938446","0.0024068113416433334","1593690120923","0.06958700053560876","0"
"unknown","-0.03145955875515938","-0.07637037336826324","0.015845846384763718","1593690120943","0.0841024887451423","0"
"unknown","0.014355333521962166","-0.017727311700582504","-0.004923571832478046","1593690120964","0.02333612521919505","0"
"unknown","0.046731192618608475","0.06473949551582336","-0.010421359911561012","1593690120983","0.08052087546473331","0"
"unknown","0.021074851974844933","0.007929029874503613","-0.004312707111239433","1593690121003","0.022926367857550645","0"
"unknown","-0.01924225501716137","-0.12340699136257172","0.014624116010963917","1593690121023","0.1257514002483052","0"
"unknown","0.004581489600241184","-0.10080498456954956","0.012791519984602928","1593690121044","0.10171655688500637","0"
"unknown","0.025961773470044136","-0.00001221848651766777","-0.01103222370147705","1593690121064","0.028208576546871915","0"
"unknown","0.010690142400562763","0.055576518177986145","-0.004923571832478046","1593690121083","0.05680906685487718","0"
"unknown","-0.01924225501716137","0.04824613407254219","0.0030176760628819466","1593690121103","0.052029416678564436","0"
"unknown","-0.040622539818286896","0.01281595230102539","0.0030176760628819466","1593690121124","0.04270299454945699","0"
"unknown","-0.029016099870204926","0.0476352721452713","-0.003090975806117058","1593690121144","0.05586239643504177","0"
"unknown","-0.02779436856508255","0.07206988334655762","-0.009810494258999825","1593690121163","0.07786424601268506","0"
"unknown","0.009468411095440388","0.11788477003574371","-0.025082126259803772","1593690121183","0.12089492492559469","0"
"unknown","0.005192354787141085","0.09161756932735443","-0.028136450797319412","1593690121203","0.09598124515319709","0"
"unknown","-0.02779436856508255","-0.03666413202881813","0.0066828676499426365","1593690121224","0.04649135641584257","0"
"unknown","-0.05406157299876213","-0.13684603571891785","0.013402385637164116","1593690121242","0.1477467939004129","0"
"unknown","-0.04917465150356293","-0.13134825229644775","0.012791519984602928","1593690121264","0.14083370589224958","0"
"unknown","0.003359758760780096","-0.02505769394338131","-0.007367033511400223","1593690121283","0.02633342339022598","0"
"unknown","0.04184427112340927","0.10688920319080353","-0.01103222370147705","1593690121303","0.11531675829823564","0"
"unknown","0.01618792861700058","0.10078054666519165","-0.012864820659160614","1593690121323","0.10287988739125031","0"
"unknown","-0.03695734590291977","0.006707299500703812","0.012791519984602928","1593690121343","0.039679418673875484","0"
"unknown","-0.03878994286060333","-0.06293134391307831","0.014013251289725304","1593690121363","0.07524217517818048","0"
"unknown","-0.0009162978385575116","-0.08919854462146759","0.015845846384763718","1593690121383","0.09059972854245436","0"
"unknown","0.02535090781748295","-0.08492249250411987","-0.001869245432317257","1593690121403","0.08864531763589689","0"
"unknown","-0.017409659922122955","-0.0684291273355484","-0.013475684449076653","1593690121424","0.07188348765801335","0"
"unknown","-0.0015271632000803947","0.04152661934494972","-0.012864820659160614","1593690121444","0.04350052818360253","0"
"unknown","0.011911872774362564","0.08734151721000671","-0.008588762953877449","1593690121464","0.08856748946772962","0"
"unknown","-0.0009162978385575116","0.037861425429582596","0.0030176760628819466","1593690121483","0.03799254540181902","0"
"unknown","-0.005192354321479797","-0.008564332500100136","0.012180655263364315","1593690121503","0.015769486269913365","0"
"unknown","-0.011301007121801376","-0.04582711309194565","0.012180655263364315","1593690121523","0.0487463374927174","0"
"unknown","-0.013744467869400978","-0.06659653037786484","0.017067577689886093","1593690121542","0.07010927516087417","0"
"unknown","-0.016798794269561768","-0.05071403458714485","0.020121902227401733","1593690121562","0.05708768468125416","0"
"unknown","0.003359758760780096","-0.018338175490498543","0.004850272089242935","1593690121583","0.01926400266275545","0"
"unknown","0.024129176512360573","-0.002455679466947913","-0.003090975806117058","1593690121603","0.02444998266345078","0"
"unknown","0.035124752670526505","0.005485569126904011","-0.018362607806921005","1593690121623","0.040012811501848974","0"
"unknown","0.018020525574684143","0.029309313744306564","-0.006756167858839035","1593690121643","0.03506310052301212","0"
"unknown","-0.01191187184303999","0.031141910701990128","-0.001869245432317257","1593690121663","0.033394690767575244","0"
"unknown","-0.024129176512360573","0.06046343967318535","0.012180655263364315","1593690121683","0.06623000119977729","0"
"unknown","-0.024129176512360573","0.0677938163280487","0.011569789610803127","1593690121703","0.07288400869274483","0"
"unknown","-0.008246680721640587","0.06535036861896515","0.019511036574840546","1593690121723","0.06869759071309611","0"
"unknown","-0.0015271632000803947","0.023200660943984985","0.014624116010963917","1593690121744","0.02746757478882257","0"
"unknown","-0.0009162978385575116","-0.0061208708211779594","-0.003090975806117058","1593690121763","0.006918004970545621","0"
"unknown","0.025961773470044136","0.03053104504942894","-0.015308281406760216","1593690121783","0.04290107076925595","0"
"unknown","0.01618792861700058","-0.012840388342738152","-0.003090975806117058","1593690121803","0.020892073548009378","0"
"unknown","0.005803219974040985","-0.05804441496729851","0.005461137276142836","1593690121823","0.05858886832250587","0"
"unknown","0.002138028386980295","-0.041551053524017334","-0.0012583807110786438","1593690121843","0.04162504938559595","0"
"unknown","0.003970624413341284","0.02442239224910736","-0.009810494258999825","1593690121863","0.026617003944977534","0"
"unknown","-0.0015271632000803947","0.07634593546390533","-0.000036650337278842926","1593690121883","0.07636121680896461","0"
"unknown","-0.005192354321479797","0.061685170978307724","0.005461137276142836","1593690121903","0.06214374371062403","0"
"unknown","-0.010079276748001575","-0.014062118716537952","0.009737193584442139","1593690121923","0.019853159483107806","0"
"unknown","-0.005192354321479797","-0.06048787757754326","0.007904598489403725","1593690121943","0.061222761735439","0"
"unknown","0.02535090781748295","-0.02200336754322052","0.0030176760628819466","1593690121964","0.03370345797144648","0"
"unknown","0.03756821155548096","-0.011007793247699738","-0.006145302206277847","1593690121982","0.0396270964223719","0"
"unknown","0.029626965522766113","-0.0329989418387413","-0.0037018414586782455","1593690122003","0.04450158287914029","0"
"unknown","0.016798794269561768","-0.024446828290820122","-0.004312707111239433","1593690122023","0.02997409456546168","0"
"unknown","0.02535090781748295","0.037861425429582596","-0.0024801110848784447","1593690122043","0.04563230230575375","0"
"unknown","0.025961773470044136","0.10750006139278412","0.0036285417154431343","1593690122065","0.11065009352071489","0"
"unknown","-0.03390302136540413","0.034807100892066956","0.02073276787996292","1593690122083","0.052827992524588696","0"
"unknown","-0.014355333521962166","-0.029944615438580513","0.02378709428012371","1593690122103","0.04084827350797998","0"
"unknown","0.03084869496524334","-0.038496728986501694","0.005461137276142836","1593690122122","0.04963329672777808","0"
"unknown","0.03878994286060333","-0.0061208708211779594","-0.0012583807110786438","1593690122144","0.03929005279650861","0"
"unknown","0.025961773470044136","0.043970078229904175","-0.010421359911561012","1593690122163","0.05211512451928012","0"
"unknown","0.024129176512360573","0.06351776421070099","-0.017751742154359818","1593690122183","0.07022711640816343","0"
"unknown","0.040622539818286896","0.047024406492710114","-0.0006475150585174561","1593690122203","0.062144225983038426","0"
"unknown","0.019853120669722557","-0.018338175490498543","0.0066828676499426365","1593690122223","0.027840542391870463","0"
"unknown","-0.015577062964439392","-0.053157493472099304","0.0243979599326849","1593690122244","0.06052788160601102","0"
"unknown","-0.041233405470848083","-0.041551053524017334","0.01767844334244728","1593690122264","0.061149089401979134","0"
"unknown","-0.03084869496524334","0.014648547396063805","0.010958924889564514","1593690122283","0.035865302962730904","0"
"unknown","0.021074851974844933","0.07512420415878296","-0.007367033511400223","1593690122303","0.07837135075402377","0"
"unknown","0.03940080851316452","0.06412863731384277","-0.011643089354038239","1593690122323","0.07616079939790261","0"
"unknown","-0.0027488935738801956","-0.004288275260478258","0.0011850809678435326","1593690122343","0.00522973589108424","0"
"unknown","-0.03940080851316452","-0.09164200723171234","0.012791519984602928","1593690122363","0.1005698970093177","0"
"unknown","-0.015577062964439392","-0.11852008104324341","0.0036285417154431343","1593690122383","0.11959440127395515","0"
"unknown","0.055894169956445694","-0.07148344814777374","-0.012253955006599426","1593690122403","0.0915652827632791","0"
"unknown","0.052228979766368866","-0.020170770585536957","-0.009199628606438637","1593690122423","0.05673939971436546","0"
"unknown","-0.0003054325934499502","0.034807100892066956","0.006072002463042736","1593690122443","0.03533407385924905","0"
"unknown","-0.03451388701796532","0.09650449454784393","0.005461137276142836","1593690122464","0.10263600676844647","0"
"unknown","-0.04612032696604729","0.08673064410686493","0.018900172784924507","1593690122483","0.10003252330090837","0"
"unknown","0.002138028386980295","0.050078731030225754","0.05005430057644844","1593690122503","0.07083702049902067","0"
"unknown","0.010079276748001575","0.03358536958694458","-0.004923571832478046","1593690122522","0.035409185667620746","0"
"unknown","0.007635816000401974","0.03969402238726616","0.0005742153152823448","1593690122543","0.04042586823435072","0"
"unknown","-0.004581489134579897","-0.011007793247699738","-0.006756167858839035","1593690122564","0.013704282506252826","0"
"unknown","-0.010079276748001575","-0.08736595511436462","-0.0006475150585174561","1593690122583","0.08794783231301943","0"
"unknown","0.029626965522766113","-0.038496728986501694","-0.008588762953877449","1593690122603","0.04933074171168755","0"
"unknown","0.04001167416572571","0.049467865377664566","-0.025082126259803772","1593690122625","0.0683894497147015","0"
"unknown","0.012522737495601177","0.061074305325746536","-0.01103222370147705","1593690122643","0.0633135031822255","0"
"unknown","-0.03390302136540413","0.0030421074479818344","-0.004923571832478046","1593690122664","0.03439347081958561","0"
"unknown","-0.038179077208042145","-0.03666413202881813","0.01523498073220253","1593690122683","0.0550818041806442","0"
"unknown","0.018020525574684143","-0.01345125399529934","-0.000036650337278842926","1593690122704","0.02248726126679557","0"
"unknown","0.021074851974844933","0.05130046233534813","-0.009199628606438637","1593690122723","0.05621850218636656","0"
"unknown","-0.013744467869400978","0.0018203770741820335","-0.010421359911561012","1593690122743","0.017344420201076034","0"
"unknown","0.005803219974040985","-0.05499009042978287","-0.0012583807110786438","1593690122763","0.05530977245981781","0"
"unknown","0.032070424407720566","-0.0739269107580185","-0.01714087650179863","1593690122783","0.08238634536842414","0"
"unknown","0.011911872774362564","-0.08797681331634521","-0.01103222370147705","1593690122804","0.08946240749102993","0"
"unknown","-0.03145955875515938","-0.055600956082344055","-0.0055344365537166595","1593690122823","0.0641233198010458","0"
"unknown","-0.05772676691412926","-0.01467298436909914","-0.0012583807110786438","1593690122843","0.05957566290582129","0"
"unknown","-0.01191187184303999","0.06596122682094574","0.0024068113416433334","1593690122863","0.06707137150352245","0"
"unknown","0.005192354787141085","0.08245459198951721","-0.000036650337278842926","1593690122883","0.08261792560722234","0"
"unknown","-0.0033597589936107397","0.058630842715501785","0.0005742153152823448","1593690122903","0.058729834166744946","0"
"unknown","0.0027488935738801956","0.0250332560390234","-0.009199628606438637","1593690122923","0.026811443271338928","0"
"unknown","0.022907447069883347","-0.03177721053361893","-0.004312707111239433","1593690122943","0.03940991858891343","0"
"unknown","0.03390302136540413","-0.07270517945289612","-0.012253955006599426","1593690122963","0.08115181692534457","0"
"unknown","0.041233405470848083","-0.052546627819538116","-0.0012583807110786438","1593690122983","0.06680512962297458","0"
"unknown","0.017409659922122955","0.02197892963886261","0.0005742153152823448","1593690123003","0.028044595377761335","0"
"unknown","-0.014355333521962166","0.11910650134086609","0.005461137276142836","1593690123023","0.12009270703309749","0"
"unknown","-0.030237829312682152","0.14964976906776428","0.005461137276142836","1593690123043","0.15277173732051016","0"
"unknown","-0.013744467869400978","0.05618738383054733","0.018900172784924507","1593690123063","0.060853504665173135","0"
"unknown","0.003359758760780096","-0.0281120203435421","0.011569789610803127","1593690123084","0.030584860607245072","0"
"unknown","0.014966199174523354","-0.0482705719769001","0.0024068113416433334","1593690123103","0.05059474258796916","0"
"unknown","0.010079276748001575","-0.023835962638258934","-0.016530010849237442","1593690123124","0.030708080261247016","0"
"unknown","-0.011301007121801376","-0.01345125399529934","-0.000036650337278842926","1593690123143","0.017568447263781865","0"
"unknown","-0.026572637259960175","-0.05926614627242088","0.006072002463042736","1593690123163","0.06523381300249594","0"
"unknown","0.013133603148162365","-0.025668559595942497","-0.0037018414586782455","1593690123183","0.029070089672532162","0"
"unknown","0.03878994286060333","-0.020170770585536957","-0.02019520290195942","1593690123204","0.048159795196767025","0"
"unknown","0.026572639122605324","-0.0012339488603174686","-0.0006475150585174561","1593690123223","0.02660915360324527","0"
"unknown","-0.011301007121801376","0.03175277262926102","0.005461137276142836","1593690123244","0.03414345254893579","0"
"unknown","-0.04795292019844055","0.026254987344145775","0.011569789610803127","1593690123263","0.05588082808654065","0"
"unknown","-0.03634648025035858","0.004874703474342823","0.010958924889564514","1593690123283","0.03827436995284956","0"
"unknown","0.005192354787141085","0.003652973100543022","0.005461137276142836","1593690123303","0.008374292869115256","0"
"unknown","0.01924225501716137","-0.0684291273355484","-0.017751742154359818","1593690123323","0.0732661872596428","0"
"unknown","-0.022907447069883347","-0.16861103475093842","-0.04829500615596771","1593690123342","0.17688086326860414","0"
"unknown","-0.06444628536701202","-0.2296975553035736","-0.07028615474700928","1593690123364","0.24870551694557388","0"
"unknown","-0.0656680166721344","-0.20281948149204254","-0.06051231175661087","1593690123383","0.22160724347476093","0"
"unknown","-0.046731192618608475","0.02136806584894657","-0.05440365523099899","1593690123403","0.07483419207939515","0"
"unknown","-0.030237829312682152","0.2895379066467285","-0.050738465040922165","1593690123423","0.29550112950989116","0"
"unknown","-0.01618792861700058","0.3603982627391815","-0.018362607806921005","1593690123443","0.3612286563712796","0"
"unknown","-0.018020523712038994","0.13010206818580627","0.008515463210642338","1593690123463","0.13161990934038872","0"
"unknown","-0.03695734590291977","-0.18754784762859344","0.030506612733006477","1593690123483","0.19357348472026792","0"
"unknown","-0.030237829312682152","-0.34881627559661865","0.011569789610803127","1593690123503","0.3503155441516653","0"
"unknown","0.018020525574684143","-0.27245813608169556","-0.012864820659160614","1593690123523","0.2733563221688716","0"
"unknown","0.061391957104206085","-0.09042027592658997","-0.03180164098739624","1593690123543","0.1138250546462271","0"
"unknown","0.05161811411380768","0.08489805459976196","-0.0336342379450798","1593690123563","0.104896955826356","0"
"unknown","-0.0033597589936107397","0.16614311933517456","-0.006756167858839035","1593690123583","0.16631437065706023","0"
"unknown","-0.04612032696604729","0.10505659878253937","0.02073276787996292","1593690123603","0.11659254337724596","0"
"unknown","-0.04306599870324135","0.010372490622103214","0.04638911038637161","1593690123623","0.06414217308800954","0"
"unknown","-0.03573561832308769","-0.10996796190738678","0.031117478385567665","1593690123643","0.11974257607081176","0"
"unknown","-0.01924225501716137","-0.14234381914138794","-0.001869245432317257","1593690123663","0.14365069197323022","0"
"unknown","0.010079276748001575","-0.06598566472530365","-0.03546683490276337","1593690123683","0.07558833340551213","0"
"unknown","0.009468411095440388","0.03908315673470497","-0.036077700555324554","1593690123703","0.05402540537914953","0"
"unknown","-0.04489859566092491","0.03969402238726616","-0.012864820659160614","1593690123723","0.061294395471334716","0"
"unknown","-0.058337632566690445","0.06351776421070099","0.0011850809678435326","1593690123743","0.08625074005892781","0"
"unknown","-0.038179077208042145","0.0677938163280487","0.011569789610803127","1593690123763","0.07866068586286987","0"
"unknown","-0.007635815069079399","0.02808758243918419","0.02073276787996292","1593690123783","0.03573605494471333","0"
"unknown","0.023518312722444534","-0.06476393342018127","0.027452286332845688","1593690123803","0.0741694420247646","0"
"unknown","0.013744467869400978","-0.1441764235496521","-0.0024801110848784447","1593690123823","0.14485131154247452","0"
"unknown","0.005803219974040985","-0.11668747663497925","-0.01103222370147705","1593690123843","0.11735141467108681","0"
"unknown","0.03084869496524334","0.012205086648464203","-0.030579913407564163","1593690123863","0.045119144774355725","0"
"unknown","0.055894169956445694","0.1392650604248047","-0.03485596925020218","1593690123884","0.154057956245744","0"
"unknown","0.0027488935738801956","0.13682159781455994","0.0017959456890821457","1593690123903","0.13686099322059533","0"
"unknown","-0.017409659922122955","0.0427483469247818","0.06349333375692368","1593690123923","0.07849790350686812","0"
"unknown","-0.05772676691412926","-0.058655280619859695","0.03844786062836647","1593690123943","0.09083534306563161","0"
"unknown","-0.04917465150356293","-0.09530720114707947","0.04822170361876488","1593690123963","0.11758801657006862","0"
"unknown","0.015577063895761967","-0.01345125399529934","0.006072002463042736","1593690123983","0.02145810726904646","0"
"unknown","0.023518312722444534","0.06046343967318535","-0.0336342379450798","1593690124003","0.07307667570825774","0"
"unknown","-0.0858265683054924","-0.0030665446538478136","-0.06662096083164215","1593690124024","0.10869202337495881","0"
"unknown","-0.0607810914516449","-0.05682268738746643","-0.009810494258999825","1593690124043","0.0837818875270355","0"
"unknown","0.03390302136540413","-0.047048840671777725","-0.0055344365537166595","1593690124063","0.05825494188674889","0"
"unknown","0.06261368840932846","-0.029944615438580513","0.025619689375162125","1593690124084","0.07398325792816063","0"
"unknown","-0.01191187184303999","-0.06659653037786484","0.042723916471004486","1593690124103","0.08001452110583586","0"
"unknown","-0.021074850112199783","-0.0030665446538478136","0.06960198283195496","1593690124124","0.07278728609795451","0"
"unknown","0.029626965522766113","0.03908315673470497","0.04150218516588211","1593690124143","0.06424703572912802","0"
"unknown","0.09010262042284012","0.04335921257734299","0.0268414206802845","1593690124163","0.1035324363980952","0"
"unknown","0.10537425428628922","0.0250332560390234","-0.003090975806117058","1593690124183","0.1083510567818369","0"
"unknown","0.05345070734620094","-0.0018448142800480127","-0.004312707111239433","1593690124203","0.053656135699139046","0"
"unknown","-0.005803219508379698","0.004263837821781635","-0.0006475150585174561","1593690124223","0.007230279758342766","0"
"unknown","-0.01313360221683979","0.05496565252542496","0.016456712037324905","1593690124243","0.058860324802156576","0"
"unknown","-0.0039706239476799965","0.10750006139278412","0.019511036574840546","1593690124263","0.10932844827496185","0"
"unknown","-0.010079276748001575","0.15698014199733734","0.031117478385567665","1593690124284","0.16035165812158997","0"
"unknown","-0.02168571576476097","0.15698014199733734","0.028674015775322914","1593690124303","0.1610442002383745","0"
"unknown","0.01924225501716137","0.13010206818580627","0.022565364837646484","1593690124323","0.13343915547778976","0"
"unknown","0.09804386645555496","0.07084815204143524","0.0005742153152823448","1593690124343","0.12096441675331356","0"
"unknown","0.09437867999076843","-0.138678640127182","-0.006756167858839035","1593690124364","0.1678831327693796","0"
"unknown","0.07666358351707458","-0.21259333193302155","0.0036285417154431343","1593690124384","0.22602299912850474","0"
"unknown","0.052228979766368866","-0.15639372169971466","0.014624116010963917","1593690124403","0.1655316503984229","0"
"unknown","-0.002138028386980295","-0.04277278482913971","0.022565364837646484","1593690124424","0.04840741655655164","0"
"unknown","-0.0027488935738801956","0.10200227797031403","0.02134363353252411","1593690124444","0.10424764658918885","0"
"unknown","0.020463986322283745","0.14048677682876587","-0.007367033511400223","1593690124464","0.14216041074325925","0"
"unknown","0.03451388701796532","0.09039583802223206","-0.01408655010163784","1593690124484","0.0977806055544577","0"
"unknown","0.023518312722444534","-0.05071403458714485","-0.011643089354038239","1593690124503","0.05710153997155365","0"
"unknown","0.018020525574684143","-0.15089593827724457","0.0030176760628819466","1593690124523","0.1519981246574389","0"
"unknown","0.01863138936460018","-0.15639372169971466","-0.004312707111239433","1593690124544","0.15755863765395559","0"
"unknown","0.03634648397564888","-0.06659653037786484","-0.01103222370147705","1593690124563","0.07666729886699679","0"
"unknown","0.03878994286060333","0.028698448091745377","-0.01714087650179863","1593690124584","0.051206154290801685","0"
"unknown","0.030237829312682152","0.06718295812606812","-0.0012583807110786438","1593690124603","0.07368486755179747","0"
"unknown","0.01863138936460018","0.061074305325746536","0.018900172784924507","1593690124623","0.06659141064715365","0"
"unknown","-0.02229658141732216","0.01648114249110222","0.036615267395973206","1593690124643","0.04592867739430245","0"
"unknown","-0.026572637259960175","-0.026890289038419724","0.04089131951332092","1593690124664","0.05568925127041735","0"
"unknown","0.008246680721640587","0.03663969784975052","0.0024068113416433334","1593690124683","0.03763333551892463","0"
"unknown","0.03878994286060333","0.001209511887282133","-0.024471260607242584","1593690124703","0.045879899540451595","0"
"unknown","0.052228979766368866","-0.10019411146640778","-0.015308281406760216","1593690124723","0.11402223370732252","0"
"unknown","0.030237829312682152","-0.15578286349773407","-0.01714087650179863","1593690124743","0.15961339708290923","0"
"unknown","0.0064140851609408855","-0.10569190979003906","-0.006145302206277847","1593690124764","0.10606453235047067","0"
"unknown","0.005803219974040985","0.004874703474342823","-0.0006475150585174561","1593690124783","0.00760653480770877","0"
"unknown","0.005192354787141085","0.07695680856704712","-0.001869245432317257","1593690124803","0.07715442314959604","0"
"unknown","-0.004581489134579897","0.05985257402062416","0.009737193584442139","1593690124822","0.060812281641831764","0"
"unknown","-0.0015271632000803947","0.010372490622103214","0.015845846384763718","1593690124845","0.019000306228975056","0"
"unknown","-0.0009162978385575116","-0.029333749786019325","0.015845846384763718","1593690124865","0.033352650957416616","0"
"unknown","-0.002138028386980295","-0.029333749786019325","0.025619689375162125","1593690124884","0.03900523715569638","0"
"unknown","0.0027488935738801956","0.017092008143663406","0.022565364837646484","1593690124903","0.02844097130056687","0"
"unknown","-0.0039706239476799965","0.05068959668278694","0.012791519984602928","1593690124923","0.05242922896547298","0"
"unknown","-0.013744467869400978","0.009761625900864601","-0.0006475150585174561","1593690124943","0.016870655381236183","0"
"unknown","0.003970624413341284","-0.05071403458714485","-0.01103222370147705","1593690124964","0.052051792688987936","0"
"unknown","0.024129176512360573","-0.022614233195781708","-0.023860394954681396","1593690124983","0.040779150917978096","0"
"unknown","0.0027488935738801956","0.13498899340629578","-0.02019520290195942","1593690125003","0.13651897661855217","0"
"unknown","-0.027183502912521362","0.15698014199733734","0.0005742153152823448","1593690125023","0.15931741127487464","0"
"unknown","-0.04612032696604729","0.06473949551582336","0.02134363353252411","1593690125043","0.0823033263694069","0"
"unknown","-0.043676864355802536","-0.05743355304002762","0.040280453860759735","1593690125063","0.08263653222386352","0"
"unknown","-0.03451388701796532","-0.12646132707595825","0.03844786062836647","1593690125084","0.13660861477154235","0"
"unknown","-0.02229658141732216","-0.06965085864067078","0.025008825585246086","1593690125103","0.07729049753647105","0"
"unknown","-0.014966198243200779","0.05740911513566971","-0.0024801110848784447","1593690125123","0.05937966437686141","0"
"unknown","-0.027183502912521362","0.11788477003574371","-0.015308281406760216","1593690125143","0.12194304127995084","0"
"unknown","-0.02229658141732216","0.11299784481525421","-0.008588762953877449","1593690125163","0.11549639528950437","0"
"unknown","-0.0088575454428792","0.03541796654462814","-0.007367033511400223","1593690125183","0.037244619050101214","0"
"unknown","-0.015577062964439392","-0.03422067314386368","0.010958924889564514","1593690125203","0.03916372550910317","0"
"unknown","-0.010079276748001575","-0.049492303282022476","0.015845846384763718","1593690125224","0.05293553392166766","0"
"unknown","0.027183502912521362","-0.038496728986501694","0.010958924889564514","1593690125243","0.048384284721284594","0"
"unknown","0.05100724846124649","-0.09836152195930481","0.007904598489403725","1593690125263","0.11108200157998963","0"
"unknown","0.04612032696604729","-0.18266093730926514","0.0268414206802845","1593690125283","0.19029599166112354","0"
"unknown","0.029626965522766113","-0.17227622866630554","0.027452286332845688","1593690125304","0.17694768739509684","0"
"unknown","0.014355333521962166","-0.022614233195781708","0.009737193584442139","1593690125323","0.028500738279224752","0"
"unknown","-0.0009162978385575116","0.010372490622103214","0.008515463210642338","1593690125343","0.013451441451620246","0"
"unknown","-0.018020523712038994","0.01281595230102539","0.0036285417154431343","1593690125362","0.02240879789767913","0"
"unknown","-0.040622539818286896","-0.029944615438580513","-0.004923571832478046","1593690125383","0.050706136656644925","0"
"unknown","-0.043676864355802536","-0.07453778386116028","-0.013475684449076653","1593690125403","0.08743651282078503","0"
"unknown","-0.0003054325934499502","-0.0482705719769001","-0.016530010849237442","1593690125423","0.051023354130458165","0"
"unknown","0.007635816000401974","0.023811526596546173","-0.033023372292518616","1593690125443","0.041422670150779835","0"
"unknown","0.008857546374201775","0.12765862047672272","-0.018973473459482193","1593690125463","0.12936449360202643","0"
"unknown","0.008857546374201775","0.16675399243831635","0.0030176760628819466","1593690125483","0.16701633599953536","0"
"unknown","-0.002138028386980295","0.07756766676902771","0.0268414206802845","1593690125503","0.08210831844283784","0"
"unknown","-0.011301007121801376","-0.037885863333940506","0.03478267043828964","1593690125524","0.05265819561420322","0"
"unknown","0.008857546374201775","-0.06048787757754326","0.021954499185085297","1593690125544","0.06495567331707759","0"
"unknown","0.035124752670526505","0.015259413048624992","-0.009810494258999825","1593690125564","0.03953281844695713","0"
"unknown","0.046731192618608475","0.11605218052864075","-0.028136450797319412","1593690125583","0.12823249522831445","0"
"unknown","0.04306599870324135","0.16553226113319397","-0.03791029378771782","1593690125604","0.17519360746113594","0"
"unknown","0.040622539818286896","0.17164091765880585","-0.018362607806921005","1593690125623","0.17733578522541937","0"
"unknown","-0.014966198243200779","0.04458094388246536","0.021954499185085297","1593690125643","0.05189843621704052","0"
"unknown","-0.044287730008363724","-0.08186815679073334","0.03600440174341202","1593690125663","0.09980037610403494","0"
"unknown","-0.03695734590291977","-0.12829391658306122","0.027452286332845688","1593690125683","0.1363040809121652","0"
"unknown","-0.007024950347840786","-0.09591805934906006","-0.0006475150585174561","1593690125703","0.09617714547869698","0"
"unknown","0.013744467869400978","-0.041551053524017334","-0.018973473459482193","1593690125724","0.04770108113121153","0"
"unknown","0.02168571576476097","0.019535468891263008","-0.0287473164498806","1593690125744","0.0409672187987064","0"
"unknown","0.023518312722444534","0.1087217926979065","-0.023860394954681396","1593690125764","0.11376668092262618","0"
"unknown","0.021074851974844933","0.1337672621011734","-0.01714087650179863","1593690125784","0.1364977635093541","0"
"unknown","0.01924225501716137","0.047024406492710114","-0.0037018414586782455","1593690125804","0.0509437220305142","0"
"unknown","0.0027488935738801956","-0.07270517945289612","0.030506612733006477","1593690125824","0.07889393484672938","0"
"unknown","-0.019853120669722557","-0.1038593053817749","0.040280453860759735","1593690125843","0.11315218370822605","0"
"unknown","-0.008246680721640587","-0.025668559595942497","0.02073276787996292","1593690125863","0.034010738872002656","0"
"unknown","0.03145955875515938","0.1032240092754364","-0.006145302206277847","1593690125883","0.10808637595539591","0"
"unknown","0.038179077208042145","0.15087150037288666","-0.01958433724939823","1593690125903","0.1568547029155382","0"
"unknown","0.010079276748001575","0.1337672621011734","-0.016530010849237442","1593690125923","0.13516106498723193","0"
"unknown","-0.02474004216492176","0.07145901024341583","-0.007367033511400223","1593690125943","0.07597850363128252","0"
"unknown","-0.03084869496524334","-0.06048787757754326","0.005461137276142836","1593690125963","0.06811937562282384","0"
"unknown","-0.01313360221683979","-0.11974181234836578","0.009737193584442139","1593690125983","0.12085282814465835","0"
"unknown","-0.02229658141732216","-0.13195911049842834","0.0024068113416433334","1593690126003","0.13385117529282273","0"
"unknown","-0.03145955875515938","-0.09836152195930481","-0.004312707111239433","1593690126023","0.1033600129733325","0"
"unknown","-0.024129176512360573","-0.018338175490498543","-0.011643089354038239","1593690126043","0.03246640369968767","0"
"unknown","-0.004581489134579897","0.001209511887282133","-0.022027797996997833","1593690126064","0.02253168538508143","0"
"unknown","0.009468411095440388","-0.01039692759513855","-0.015308281406760216","1593690126083","0.020786784063903985","0"
"unknown","0.0027488935738801956","-0.020170770585536957","-0.015308281406760216","1593690126102","0.02547076523238835","0"
"unknown","-0.0088575454428792","-0.004288275260478258","0.0036285417154431343","1593690126123","0.010488647718510283","0"
"unknown","-0.01191187184303999","0.04580267518758774","0.016456712037324905","1593690126143","0.05010589901622471","0"
"unknown","-0.007024950347840786","0.0781785398721695","0.016456712037324905","1593690126163","0.0802001084476415","0"
"unknown","-0.005192354321479797","0.03663969784975052","0.014013251289725304","1593690126183","0.03957018086425422","0"
"unknown","0.015577063895761967","0.006096433848142624","0.009737193584442139","1593690126203","0.019355215425779462","0"
"unknown","0.017409659922122955","-0.005510005634278059","0.0017959456890821457","1593690126223","0.01834889210856838","0"
"unknown","0.013133603148162365","0.04335921257734299","-0.004923571832478046","1593690126243","0.04557142094087269","0"
"unknown","0.013744467869400978","0.0983370840549469","-0.014697415754199028","1593690126263","0.10037483014827206","0"
"unknown","-0.0027488935738801956","0.03908315673470497","-0.000036650337278842926","1593690126283","0.03917972561768723","0"
"unknown","0.002138028386980295","0.01342681609094143","0.013402385637164116","1593690126304","0.019091215165378032","0"
"unknown","-0.010079276748001575","0.03541796654462814","0.006072002463042736","1593690126323","0.03732148694559745","0"
"unknown","-0.010690141469240189","0.014648547396063805","0.009126328863203526","1593690126343","0.02030145176992124","0"
"unknown","-0.010690141469240189","-0.052546627819538116","0.0017959456890821457","1593690126363","0.05365307671285551","0"
"unknown","-0.006414084695279598","-0.09713979065418243","0.0005742153152823448","1593690126384","0.09735301296849991","0"
"unknown","-0.0015271632000803947","-0.0482705719769001","-0.010421359911561012","1593690126403","0.049406326404854914","0"
"unknown","-0.007024950347840786","-0.022614233195781708","-0.010421359911561012","1593690126423","0.02587195804010811","0"
"unknown","-0.016798794269561768","-0.03360980749130249","0.004850272089242935","1593690126443","0.03788593126548644","0"
"unknown","-0.04917465150356293","-0.06232047453522682","0.015845846384763718","1593690126463","0.080951088593312","0"
"unknown","-0.04001167416572571","-0.03605327010154724","0.021954499185085297","1593690126483","0.05816160579821738","0"
"unknown","-0.016798794269561768","0.029309313744306564","0.013402385637164116","1593690126503","0.036343628077567074","0"
"unknown","0.008857546374201775","-0.0018448142800480127","0.007293732836842537","1593690126523","0.011621445959700504","0"
"unknown","0.0027488935738801956","-0.05376835912466049","0.016456712037324905","1593690126543","0.056297568596862295","0"
"unknown","0.009468411095440388","-0.0739269107580185","0.005461137276142836","1593690126563","0.0747306025885324","0"
"unknown","0.02168571576476097","-0.09469632804393768","-0.007977897301316261","1593690126583","0.09747467188241984","0"
"unknown","0.025961773470044136","-0.10691364109516144","0.004239406902343035","1593690126603","0.11010228383107461","0"
"unknown","-0.0039706239476799965","-0.08675508201122284","0.02073276787996292","1593690126623","0.0892863806706953","0"
"unknown","-0.032070424407720566","0.003652973100543022","0.009126328863203526","1593690126643","0.033543199201685456","0"
"unknown","-0.02535090781748295","0.08245459198951721","0.004239406902343035","1593690126663","0.08636782293314975","0"
"unknown","0.008246680721640587","0.10994352400302887","-0.000036650337278842926","1593690126683","0.11025238118234221","0"
"unknown","0.021074851974844933","0.06046343967318535","-0.008588762953877449","1593690126705","0.06460451820076091","0"
"unknown","0.0015271632000803947","-0.032388076186180115","0.0017959456890821457","1593690126736","0.03247376059836033","0"
"unknown","0.011911872774362564","-0.03177721053361893","-0.009199628606438637","1593690126764","0.035161299588993375","0"
"unknown","0.019853120669722557","-0.008564332500100136","-0.004312707111239433","1593690126783","0.022047531247878335","0"
"unknown","0.010690142400562763","0.052522193640470505","0.0036285417154431343","1593690126803","0.05372174870880602","0"
"unknown","-0.014355333521962166","0.12521515786647797","-0.0055344365537166595","1593690126824","0.1261568125311546","0"
"unknown","-0.024129176512360573","0.12460428476333618","-0.0024801110848784447","1593690126843","0.12694327824481516","0"
"unknown","-0.008246680721640587","0.04458094388246536","-0.004312707111239433","1593690126863","0.04554193389617463","0"
"unknown","-0.004581489134579897","-0.09652893245220184","0.004239406902343035","1593690126883","0.09673054023386643","0"
"unknown","-0.005803219508379698","-0.1490633487701416","0.012180655263364315","1593690126903","0.14967273521211616","0"
"unknown","-0.0033597589936107397","-0.047048840671777725","0.004239406902343035","1593690126933","0.047358779122113226","0"
"unknown","-0.0039706239476799965","-0.03971846029162407","0.0036285417154431343","1593690126953","0.04008102116278874","0"
"unknown","-0.01618792861700058","-0.1087462306022644","-0.000036650337278842926","1593690126973","0.10994449984586403","0"
"unknown","-0.016798794269561768","-0.14051122963428497","-0.0055344365537166595","1593690126993","0.1416200378838282","0"
"unknown","0.008246680721640587","-0.0739269107580185","-0.01408655010163784","1593690127013","0.07570750802208895","0"
"unknown","0.02779436856508255","0.03663969784975052","-0.018362607806921005","1593690127033","0.04951948856686081","0"
"unknown","0.0064140851609408855","0.06840468943119049","-0.012253955006599426","1593690127054","0.0697889779115097","0"
"unknown","-0.01924225501716137","0.025644121691584587","0.014624116010963917","1593690127073","0.035238475060371185","0"
"unknown","-0.007024950347840786","0.02197892963886261","0.012791519984602928","1593690127093","0.026382688622962554","0"
"unknown","0.01924225501716137","0.06412863731384277","0.009737193584442139","1593690127113","0.06765766357757827","0"
"unknown","0.02168571576476097","0.0781785398721695","0.0030176760628819466","1593690127133","0.08118657976288254","0"
"unknown","0.009468411095440388","0.03908315673470497","0.008515463210642338","1593690127153","0.041105438359340926","0"
"unknown","0.013744467869400978","0.003652973100543022","0.007293732836842537","1593690127173","0.015982901744724637","0"
"unknown","0.029626965522766113","0.006707299500703812","-0.006756167858839035","1593690127193","0.0311189774384719","0"
"unknown","0.03451388701796532","0.05068959668278694","-0.014697415754199028","1593690127213","0.06306074562518475","0"
"unknown","0.010690142400562763","0.06412863731384277","-0.01408655010163784","1593690127233","0.06652211784091552","0"
"unknown","-0.0027488935738801956","0.05985257402062416","0.0005742153152823448","1593690127253","0.05991841750249349","0"
"unknown","-0.0003054325934499502","0.022589795291423798","0.012791519984602928","1593690127273","0.02596180124517693","0"
"unknown","-0.017409659922122955","-0.01650558039546013","0.021954499185085297","1593690127293","0.032519693683411025","0"
"unknown","-0.017409659922122955","-0.029333749786019325","0.011569789610803127","1593690127313","0.036019788543951936","0"
"unknown","0.003970624413341284","-0.011007793247699738","-0.004312707111239433","1593690127334","0.012471439894545494","0"
"unknown","0.04184427112340927","0.008539894595742226","-0.020806068554520607","1593690127353","0.04750542405085109","0"
"unknown","0.04306599870324135","0.0018203770741820335","-0.018973473459482193","1593690127373","0.04709550628369408","0"
"unknown","0.013744467869400978","-0.021392501890659332","-0.0012583807110786438","1593690127393","0.025458457458551447","0"
"unknown","-0.010690141469240189","-0.014062118716537952","0.012791519984602928","1593690127413","0.02180929368289748","0"
"unknown","-0.020463986322283745","0.004263837821781635","0.012791519984602928","1593690127433","0.02450669363022209","0"
"unknown","-0.012522737495601177","-0.026890289038419724","0.012791519984602928","1593690127453","0.032303708494072124","0"
"unknown","-0.012522737495601177","-0.07270517945289612","0.007904598489403725","1593690127474","0.07419801042440591","0"
"unknown","-0.0027488935738801956","0.0005986467003822327","0.0005742153152823448","1593690127493","0.0028713266934821562","0"
"unknown","0.015577063895761967","0.13743245601654053","-0.021416932344436646","1593690127513","0.13996074405845796","0"
"unknown","0.021074851974844933","0.1288803517818451","-0.02019520290195942","1593690127533","0.13214439330302696","0"
"unknown","0.004581489600241184","-0.02505769394338131","-0.0006475150585174561","1593690127553","0.025481313711586642","0"
"unknown","-0.005192354321479797","-0.15150679647922516","0.007904598489403725","1593690127573","0.15180168839665725","0"
"unknown","0.014966199174523354","-0.0482705719769001","0.004850272089242935","1593690127594","0.050769679692197055","0"
"unknown","0.003970624413341284","0.023811526596546173","-0.008588762953877449","1593690127613","0.025622675624683407","0"
"unknown","-0.004581489134579897","0.05374392494559288","0.004239406902343035","1593690127633","0.05410519459470992","0"
"unknown","-0.0009162978385575116","0.05068959668278694","-0.004923571832478046","1593690127654","0.05093639536895128","0"
"unknown","0.01863138936460018","0.009761625900864601","0.0036285417154431343","1593690127674","0.02134442139914967","0"
"unknown","0.01863138936460018","-0.021392501890659332","0.0036285417154431343","1593690127693","0.02859954757995152","0"
"unknown","-0.008246680721640587","-0.03605327010154724","0.007293732836842537","1593690127713","0.03769674477504701","0"
"unknown","-0.010690141469240189","-0.01955990679562092","0.005461137276142836","1593690127733","0.022949795180668236","0"
"unknown","-0.005192354321479797","-0.032388076186180115","-0.010421359911561012","1593690127753","0.03441733233194996","0"
"unknown","0.02168571576476097","-0.01161865796893835","-0.009810494258999825","1593690127773","0.026486020441641393","0"
"unknown","0.024129176512360573","0.0580199770629406","-0.02019520290195942","1593690127793","0.06600288719291086","0"
"unknown","0.005803219974040985","0.09772622585296631","-0.01408655010163784","1593690127813","0.09890664019820936","0"
"unknown","-0.013744467869400978","0.043970078229904175","0.0036285417154431343","1593690127833","0.046210869841819685","0"
"unknown","-0.009468411095440388","-0.06048787757754326","0.014624116010963917","1593690127854","0.06294679429176875","0"
"unknown","-0.0033597589936107397","-0.10263757407665253","0.014624116010963917","1593690127873","0.10372860917768836","0"
"unknown","0.002138028386980295","-0.04277278482913971","-0.004923571832478046","1593690127893","0.04310828049241803","0"
"unknown","0.01924225501716137","0.061685170978307724","-0.012864820659160614","1593690127913","0.06588496268012069","0"
"unknown","0.003359758760780096","0.03053104504942894","-0.008588762953877449","1593690127933","0.03189356580595521","0"
"unknown","-0.01618792861700058","-0.01345125399529934","-0.0024801110848784447","1593690127953","0.021192834117892294","0"
"unknown","-0.01924225501716137","-0.043994516134262085","-0.000036650337278842926","1593690127973","0.04801857110827582","0"
"unknown","0.0009162978967651725","-0.03544240444898605","-0.0037018414586782455","1593690127993","0.03564698115053099","0"
"unknown","0.013133603148162365","-0.002455679466947913","-0.007977897301316261","1593690128013","0.015561771706594313","0"
"unknown","0.008246680721640587","0.001209511887282133","-0.008588762953877449","1593690128034","0.011968187457090275","0"
"unknown","-0.010690141469240189","-0.01345125399529934","0.0024068113416433334","1593690128053","0.017349584995402286","0"
"unknown","0.008857546374201775","0.027476716786623","-0.008588762953877449","1593690128074","0.030119643793068387","0"
"unknown","0.0027488935738801956","0.05068959668278694","-0.0055344365537166595","1593690128093","0.051064876536727664","0"
"unknown","-0.015577062964439392","0.023811526596546173","0.0017959456890821457","1593690128113","0.02851068414426893","0"
"unknown","-0.01863138936460018","-0.01589471474289894","-0.004312707111239433","1593690128133","0.024867047855360733","0"
"unknown","0.004581489600241184","-0.01039692759513855","0.005461137276142836","1593690128153","0.012605957747214147","0"
"unknown","0.013744467869400978","-0.011007793247699738","-0.006756167858839035","1593690128173","0.01886074530165522","0"
