"unknown","0.42607852816581726","-0.551623523235321","-0.18268534541130066","1593690582952","0.7205590600211368","0"
"unknown","0.5079344511032104","-0.6774618029594421","-0.20650911331176758","1593690582971","0.8715491466161791","0"
"unknown","0.46700650453567505","-0.6792943477630615","-0.19490265846252441","1593690582992","0.8470672537982047","0"
"unknown","0.37720930576324463","-0.49114787578582764","-0.19673526287078857","1593690583012","0.6497829329092586","0"
"unknown","0.3118467330932617","-0.3207164704799652","-0.18940487504005432","1593690583033","0.48577942120576184","0"
"unknown","0.2672535479068756","-0.29811444878578186","-0.16313767433166504","1593690583052","0.4323315674687746","0"
"unknown","0.19578230381011963","-0.30911004543304443","-0.11365758627653122","1593690583072","0.38314198098227753","0"
"unknown","0.05100724846124649","-0.3268251419067383","-0.05257105827331543","1593690583092","0.3349330215818131","0"
"unknown","-0.11514810472726822","-0.33904242515563965","-0.004923571832478046","1593690583112","0.35809648649112574","0"
"unknown","-0.12492194771766663","-0.471600204706192","-0.03424510359764099","1593690583132","0.48906540791688674","0"
"unknown","0.05711590126156807","-0.6676879525184631","-0.07700566947460175","1593690583152","0.674536360210812","0"
"unknown","0.3790419101715088","-0.6072123050689697","-0.09533163160085678","1593690583171","0.7221271862195184","0"
"unknown","0.4944954216480255","-0.36347705125808716","-0.09777508676052094","1593690583192","0.6214509284031685","0"
"unknown","0.5574145317077637","-0.09164200723171234","-0.06845355778932571","1593690583212","0.5690299704079383","0"
"unknown","0.6178901791572571","0.018313739448785782","-0.030579913407564163","1593690583232","0.6189174400964957","0"
"unknown","0.7901541590690613","-0.22908668220043182","0.04944343492388725","1593690583251","0.8241777455821103","0"
"unknown","0.9056077003479004","-0.5394062399864197","0.1832229197025299","1593690583272","1.0698855251708097","0"
"unknown","0.5360342264175415","-0.4276179075241089","0.33777183294296265","1593690583301","0.764381827266974","0"
"unknown","0.21410825848579407","-0.361644446849823","0.35304346680641174","1593690583325","0.5488795329977463","0"
"unknown","0.21410825848579407","-0.7495439052581787","0.2632462680339813","1593690583352","0.8227739725436871","0"
"unknown","0.3338378667831421","-0.9841161370277405","0.17528167366981506","1593690583372","1.0538766329989544","0"
"unknown","0.2776382565498352","-0.9211969971656799","0.09342573583126068","1593690583392","0.9666515800445941","0"
"unknown","0.1774563491344452","-0.41478973627090454","-0.012253955006599426","1593690583421","0.4513218813409299","0"
"unknown","0.18539759516716003","-0.12279613316059113","-0.09166643768548965","1593690583442","0.240528365085924","0"
"unknown","0.18967366218566895","0.05191132798790932","-0.0947207659482956","1593690583462","0.2182725534789552","0"
"unknown","0.09315694868564606","0.18141475319862366","-0.06112317740917206","1593690583482","0.2128980333002885","0"
"unknown","-0.22449298202991486","0.23272743821144104","0.036615267395973206","1593690583502","0.3254225518977171","0"
"unknown","-0.3790418803691864","0.20768195390701294","0.03905872628092766","1593690583522","0.4339701892424544","0"
"unknown","-0.4596760869026184","0.16492138803005219","0.026230555027723312","1593690583542","0.48906974054517527","0"
"unknown","-0.5488624572753906","0.09406103193759918","0.03844786062836647","1593690583562","0.5581896745036085","0"
"unknown","-0.713796079158783","0.10200227797031403","0.10197784751653671","1593690583581","0.7282230350089804","0"
"unknown","-0.9172141551971436","0.19546465575695038","0.19116416573524475","1593690583602","0.9570955941834886","0"
"unknown","-1.0992519855499268","0.25288599729537964","0.2553050220012665","1593690583621","1.1564976911445186","0"
"unknown","-1.217149019241333","0.08428718149662018","0.2742418348789215","1593690583642","1.2505057568850055","0"
"unknown","-1.2672399282455444","-0.4532742202281952","0.2895134687423706","1593690583662","1.3766526806157355","0"
"unknown","-1.4242323637008667","-0.9725096821784973","0.41840603947639465","1593690583682","1.7746201062802716","0"
"unknown","-1.6862934827804565","-0.522912859916687","0.5204205513000488","1593690583702","1.8406143320504535","0"
"unknown","-1.655139446258545","0.6462832093238831","0.48499035835266113","1593690583722","1.8418426156732457","0"
"unknown","-1.3833043575286865","1.4642317295074463","0.3267762362957001","1593690583741","2.040658769089483","0"
"unknown","-0.9917397499084473","1.4312450885772705","0.09098227322101593","1593690583762","1.743642167752745","0"
"unknown","-0.6991353034973145","0.36467432975769043","-0.05745798349380493","1593690583782","0.7906193516779596","0"
"unknown","-0.8414669036865234","-0.45938289165496826","-0.11365758627653122","1593690583802","0.9654103987751905","0"
"unknown","-1.1212431192398071","-0.5778907537460327","-0.21445035934448242","1593690583822","1.2795049090686397","0"
"unknown","-1.2067643404006958","-0.6634118556976318","-0.26881736516952515","1593690583842","1.4030888209089216","0"
"unknown","-1.2971723079681396","-0.6731857061386108","-0.3885469436645508","1593690583862","1.512218145288501","0"
"unknown","-1.352761149406433","-0.7000637650489807","-0.5339328646659851","1593690583882","1.614043464857249","0"
"unknown","-1.331380844116211","-0.7861958146095276","-0.5864672660827637","1593690583902","1.6536694546298314","0"
"unknown","-1.2977832555770874","-0.8973732590675354","-0.551647961139679","1593690583922","1.6714770765928315","0"
"unknown","-1.1743884086608887","-0.9437990188598633","-0.4948374927043915","1593690583942","1.5858148903903835","0"
"unknown","-0.997848391532898","-0.9725096821784973","-0.45146608352661133","1593690583962","1.4646836241969017","0"
"unknown","-0.8811731338500977","-0.960292398929596","-0.41970106959342957","1593690583982","1.369224806625643","0"
"unknown","-0.7761043310165405","-0.9028710722923279","-0.38549262285232544","1593690584002","1.251446630135898","0"
"unknown","0.256868839263916","-0.5833885073661804","-0.08555778115987778","1593690642266","0.6431515257143786","0"
"unknown","0.24037547409534454","-0.5956058502197266","-0.05867971479892731","1593690642285","0.6449573678092285","0"
"unknown","0.276416540145874","-0.4783197045326233","-0.030579913407564163","1593690642305","0.5532910396115283","0"
"unknown","0.40042218565940857","-0.32254907488822937","-0.02019520290195942","1593690642325","0.5145713543326734","0"
"unknown","0.5170974135398865","-0.04765970632433891","-0.03180164098739624","1593690642346","0.520261979262423","0"
"unknown","0.5476406812667847","0.31763771176338196","-0.036077700555324554","1593690642366","0.6341179954787477","0"
"unknown","0.4346306324005127","0.7379130125045776","-0.03974289074540138","1593690642386","0.8573207672798154","0"
"unknown","0.4077525734901428","0.6615548133850098","-0.05196019634604454","1593690642406","0.7788560806111928","0"
"unknown","0.4450153410434723","0.3701721131801605","-0.030579913407564163","1593690642425","0.5796560861789667","0"
"unknown","0.4505131244659424","0.12154996395111084","-0.0037018414586782455","1593690642446","0.46663708884181854","0"
"unknown","0.40042218565940857","0.11910650134086609","0.023176230490207672","1593690642466","0.41840342146026344","0"
"unknown","0.408974289894104","0.2198992669582367","0.051886897534132004","1593690642486","0.4672343175954373","0"
"unknown","0.531758189201355","0.244333878159523","0.0824301615357399","1593690642506","0.5909826963033561","0"
"unknown","0.6667593717575073","0.1484280377626419","0.14901447296142578","1593690642526","0.6991453749918579","0"
"unknown","0.6954700350761414","0.10994352400302887","0.21559879183769226","1593690642546","0.7363755748263833","0"
"unknown","0.6136141419410706","0.11421957612037659","0.250418096780777","1593690642565","0.6725159105586286","0"
"unknown","0.5128213763237","0.06596122682094574","0.2803504765033722","1593690642585","0.5881607238960503","0"
"unknown","0.4590652287006378","-0.01955990679562092","0.3243327736854553","1593690642605","0.5624190806172236","0"
"unknown","0.3851505517959595","-0.09775066375732422","0.29623299837112427","1593690642625","0.49563104133788477","0"
"unknown","0.31062498688697815","-0.07026171684265137","0.2033814787864685","1593690642645","0.37787381127247094","0"
"unknown","0.318566232919693","0.015259413048624992","0.10442131012678146","1593690642665","0.3355906799239605","0"
"unknown","0.3332270085811615","0.2198992669582367","-0.025082126259803772","1593690642686","0.40003129866853177","0"
"unknown","0.3680463135242462","0.6383419632911682","-0.17107892036437988","1593690642706","0.7564433541186364","0"
"unknown","0.3833179473876953","0.8020538687705994","-0.20834168791770935","1593690642726","0.9130330312337018","0"
"unknown","0.2868012487888336","0.8289319276809692","-0.10144028067588806","1593690642746","0.8829910687992971","0"
"unknown","-0.03940080851316452","0.8258776068687439","-0.025082126259803772","1593690642766","0.8271972910354864","0"
"unknown","-0.4138611853122711","0.8099951148033142","-0.06478836387395859","1593690642785","0.9119049834312655","0"
"unknown","-0.6142250299453735","0.6664417386054993","-0.1197662428021431","1593690642806","0.9141996123833446","0"
"unknown","-0.5842926502227783","0.29870086908340454","-0.2364414930343628","1593690642826","0.6975132184581578","0"
"unknown","-0.5103779435157776","-0.029944615438580513","-0.3073018789291382","1593690642846","0.5965037887679654","0"
"unknown","-0.6013968586921692","-0.08064642548561096","-0.23827409744262695","1593690642865","0.6518869327579082","0"
"unknown","-0.8903360962867737","0.13987591862678528","-0.14786604046821594","1593690642886","0.9133060838988243","0"
"unknown","-1.2666290998458862","0.4636344909667969","-0.09166643768548965","1593690642906","1.3519278655269995","0"
"unknown","-1.6117680072784424","0.5754228234291077","-0.036077700555324554","1593690642926","1.7117853649002863","0"
"unknown","-1.8542814254760742","0.31885942816734314","0.03600440174341202","1593690642946","1.8818414536675738","0"
"unknown","-1.9049832820892334","0.12521515786647797","0.05982814356684685","1593690642966","1.9100312949168268","0"
"unknown","-1.6972891092300415","0.5149471759796143","0.10136698186397552","1593690642985","1.7765799107758984","0"
"unknown","-1.4034628868103027","1.2895243167877197","0.17100560665130615","1593690643005","1.9135892860660892","0"
"unknown","-1.2538009881973267","1.6505457162857056","0.0017959456890821457","1593690643026","2.0727569334040603","0"
"unknown","-1.342987298965454","0.9089552760124207","0.045778244733810425","1593690643045","1.6223163152308648","0"
"unknown","-1.2849550247192383","-0.17044362425804138","0.1129734218120575","1593690643066","1.3011239136367296","0"
"unknown","-1.1462886333465576","-0.3365989625453949","-0.0892229750752449","1593690643086","1.1980138696223148","0"
"unknown","-1.300837516784668","0.03419623523950577","-0.2859216034412384","1593690643105","1.3323283344932155","0"
"unknown","-1.5238033533096313","-0.09713979065418243","-0.4734572172164917","1593690643126","1.5986164439978714","0"
"unknown","-1.5079208612442017","-0.4471655786037445","-0.5870781540870667","1593690643146","1.678821949305451","0"
"unknown","-1.3979650735855103","-0.44472211599349976","-0.5180503726005554","1593690643166","1.555782856304263","0"
"unknown","-1.1548407077789307","-0.2553538978099823","-0.3940447270870209","1593690643186","1.2466490766912623","0"
"unknown","-0.7724391222000122","-0.3256033957004547","-0.3378451466560364","1593690643206","0.9037804555951799","0"
"unknown","-0.46639561653137207","-0.24252572655677795","-0.34456464648246765","1593690643225","0.6285446640988687","0"
"unknown","-0.25625795125961304","-0.30239051580429077","-0.36899927258491516","1593690643246","0.5415428189906646","0"
"unknown","-0.09254609048366547","-0.32315993309020996","-0.3176865875720978","1593690643265","0.46251690687139635","0"
"unknown","0.1371392458677292","-0.19182391464710236","-0.22972199320793152","1593690643285","0.3292047708511121","0"
"unknown","0.5061018466949463","0.017702873796224594","-0.10571634024381638","1593690643306","0.5173281507546504","0"
"unknown","0.9666942358016968","0.1545366793870926","0.0469999723136425","1593690643326","0.9800960811092445","0"
"unknown","1.54945969581604","0.1331564038991928","0.2937895357608795","1593690643345","1.5826775629231284","0"
"unknown","1.7828102111816406","0.027476716786623","0.45872312784194946","1593690643366","1.8410850406963823","0"
"unknown","1.8347337245941162","-0.12218527495861053","0.5717332363128662","1593690643386","1.9256313185769733","0"
"unknown","1.5732834339141846","-0.361644446849823","0.5753984451293945","1593690643406","1.713794281710453","0"
"unknown","0.7883215546607971","-0.7312179207801819","0.36281728744506836","1593690643426","1.1347981782158032","0"
"unknown","-0.8286387324333191","-0.742824375629425","-0.22911110520362854","1593690643456","1.1361875287317544","0"
"unknown","-0.8536841869354248","-0.3121643662452698","-0.3354016840457916","1593690643476","0.9688743841374181","0"
"unknown","-0.06444628536701202","0.2864835858345032","-0.40504032373428345","1593690643496","0.5002837519857852","0"
"unknown","0.550084114074707","0.3811676800251007","-0.36838841438293457","1593690643516","0.7639315130982918","0"
"unknown","0.6814201474189758","-0.15700459480285645","-0.26820650696754456","1593690643536","0.7489449849471184","0"
"unknown","0.38087448477745056","-0.4031832814216614","-0.15886160731315613","1593690643556","0.5769394611660278","0"
"unknown","0.49754974246025085","-0.03727499768137932","0.20215973258018494","1593690643576","0.5383435047915974","0"
"unknown","0.8726209998130798","0.3347419202327728","0.41779518127441406","1593690643595","1.023754060295745","0"
"unknown","1.0564913749694824","0.9260594844818115","0.359762966632843","1593690643616","1.4502377689000139","0"
"unknown","1.1633927822113037","0.9449962973594666","0.21010100841522217","1593690643636","1.5134870998662502","0"
"unknown","1.1811078786849976","0.8588643074035645","-0.09288816899061203","1593690643656","1.4633153903250002","0"
"unknown","1.065043568611145","0.8295427560806274","-0.03241250663995743","1593690643676","1.3503738585267753","0"
"unknown","0.664315938949585","-0.08125729858875275","0.04516737908124924","1593690643696","0.6707894658158249","0"
"unknown","0.12492194026708603","-0.9218078851699829","0.28645914793014526","1593690643716","0.9733417240386413","0"
"unknown","-0.09804387390613556","-0.9437990188598633","0.4507818818092346","1593690643736","1.0505110633300525","0"
"unknown","0.032681290060281754","-0.7666481137275696","0.3811432421207428","1593690643756","0.8567891035817133","0"
"unknown","0.28557950258255005","-0.7965804934501648","0.2553050220012665","1593690643776","0.883898630556509","0"
"unknown","0.503047525882721","-0.7403808832168579","0.09342573583126068","1593690643796","0.8999716849130943","0"
"unknown","0.6068946123123169","-0.8423954248428345","-0.11365758627653122","1593690643816","1.0444468244808178","0"
"unknown","0.7590000629425049","-0.9053145051002502","-0.1906266212463379","1593690643836","1.196667855931391","0"
"unknown","0.7889324426651001","-0.6371446847915649","-0.14236825704574585","1593690643856","1.0240295254834735","0"
"unknown","0.6704245805740356","-0.12585045397281647","-0.20773082971572876","1593690643876","0.7130634983067221","0"
"unknown","0.6020076870918274","0.24860993027687073","-0.2401067018508911","1593690643896","0.694169562155843","0"
"unknown","0.48777592182159424","0.3964393138885498","-0.18818315863609314","1593690643916","0.656126802302411","0"
"unknown","0.247094988822937","0.4312586486339569","-0.11732278019189835","1593690643936","0.5106903075984021","0"
"unknown","0.021074851974844933","0.4306477904319763","-0.05745798349380493","1593690643956","0.4349748138190065","0"
"unknown","-0.07422012835741043","0.34329405426979065","0.0017959456890821457","1593690643976","0.3512302102201611","0"
"unknown","0.2776382565498352","0.2247861921787262","0.018900172784924507","1593690643995","0.3577276201602881","0"
"unknown","0.579405665397644","0.3109181821346283","-0.05257105827331543","1593690644015","0.6596550289695099","0"
"unknown","0.7199046611785889","0.48012787103652954","-0.10266201198101044","1593690644036","0.8713925535811735","0"
"unknown","0.7284567952156067","0.6432288885116577","-0.05012759938836098","1593690644056","0.9730906852560942","0"
"unknown","0.8029823303222656","0.4972320795059204","0.07571063935756683","1593690644076","0.947498002431398","0"
"unknown","0.9062185883522034","0.049467865377664566","0.25286155939102173","1593690644096","0.9421348989384387","0"
"unknown","0.7987062931060791","-0.24313658475875854","0.38847362995147705","1593690644116","0.92084683995933","0"
"unknown","0.5971207618713379","-0.29811444878578186","0.45444709062576294","1593690644135","0.8074327136120247","0"
"unknown","0.5323690176010132","-0.2553538978099823","0.44345152378082275","1593690644156","0.7384251065421276","0"
"unknown","0.6038402915000916","-0.3005579113960266","0.41840603947639465","1593690644175","0.7937391067674439","0"
"unknown","0.6704245805740356","-0.30239051580429077","0.38358670473098755","1593690644196","0.829486529325603","0"
"unknown","0.540310263633728","0.01342681609094143","0.27118751406669617","1593690644216","0.6046967241220703","0"
"unknown","0.3026837408542633","0.5131145715713501","0.1728382110595703","1593690644236","0.6203040042903589","0"
"unknown","0.14935654401779175","0.7959451675415039","0.054941222071647644","1593690644255","0.811698604690397","0"
"unknown","0.11209376901388168","0.8576425909996033","-0.17474409937858582","1593690644276","0.8824122206859351","0"
"unknown","0.23976460099220276","0.9669874310493469","-0.3659449517726898","1593690644296","1.0613517152312337","0"
"unknown","0.7742716670036316","0.39399585127830505","-0.5418741106987","1593690644315","1.0238930105214146","0"
"unknown","0.4694499671459198","0.14048677682876587","-0.4276423156261444","1593690644335","0.6503827767024059","0"
"unknown","-0.37659841775894165","0.417208731174469","-0.19917872548103333","1593690644356","0.5962899112939926","0"
"unknown","-1.0894781351089478","0.80816251039505","-0.001869245432317257","1593690644376","1.3565001821477896","0"
"unknown","-1.28128981590271","0.711645781993866","-0.023860394954681396","1593690644395","1.4658487745374877","0"
"unknown","-1.2128729820251465","0.5925270915031433","-0.14908775687217712","1593690644416","1.3580781950760137","0"
"unknown","-1.3289374113082886","0.6982067823410034","-0.1655811369419098","1593690644436","1.5102928414690735","0"
"unknown","-1.595274567604065","0.8527556657791138","-0.10815979540348053","1593690644456","1.812123536877229","0"
"unknown","-1.8475619554519653","0.940109372138977","-0.06662096083164215","1593690644475","2.074061031705471","0"
"unknown","-1.9312504529953003","0.9633222818374634","-0.06478836387395859","1593690644495","2.1591469757690316","0"
"unknown","-1.8432859182357788","0.8417600989341736","-0.0794491320848465","1593690644515","2.0279485213173","0"
"unknown","-1.605048418045044","0.6566678881645203","-0.05134933069348335","1593690644536","1.7349437723966785","0"
"unknown","-1.333213448524475","0.7434107661247253","0.08304101973772049","1593690644556","1.52872936698284","0"
"unknown","-1.295339822769165","0.8839097619056702","0.17650341987609863","1593690644576","1.5780859231587325","0"
"unknown","-1.3784174919128418","0.9645439982414246","0.1929967701435089","1593690644596","1.693407115799585","0"
"unknown","-1.4138476848602295","0.6291790008544922","0.28768086433410645","1593690644616","1.5740367755566915","0"
"unknown","-1.0797042846679688","-0.1447872817516327","-0.010421359911561012","1593690644636","1.0894187918471956","0"
"unknown","-1.0778717994689941","0.27243366837501526","-0.4074837863445282","1593690644656","1.1840906873582226","0"
"unknown","-1.0228939056396484","0.6187942624092102","-0.6524407267570496","1593690644675","1.3619461014726535","0"
"unknown","-0.8958339095115662","0.2889270484447479","-0.7043642401695251","1593690644695","1.1756386415831028","0"
"unknown","-0.8469646573066711","-0.07148344814777374","-0.7092511653900146","1593690644716","1.1070213320856994","0"
"unknown","-0.7852672934532166","-0.2950601279735565","-0.6328930258750916","1593690644736","1.050837182197338","0"
"unknown","-0.6215553879737854","-0.36897483468055725","-0.5137742757797241","1593690644756","0.8868131344312439","0"
"unknown","-0.3686571717262268","-0.38424646854400635","-0.40442943572998047","1593690644776","0.6686678004350076","0"
"unknown","-0.044287730008363724","-0.2602408230304718","-0.3060801327228546","1593690644796","0.4041926974210585","0"
"unknown","0.29474249482154846","-0.14112208783626556","-0.18635055422782898","1593690644816","0.3761849425348072","0"
"unknown","0.598953366279602","-0.1447872817516327","-0.07272961735725403","1593690644836","0.6204821425114718","0"
"unknown","0.8268060684204102","-0.1844935268163681","0.017067577689886093","1593690644856","0.8473118896971517","0"
"unknown","0.997237503528595","-0.24680177867412567","0.14046236872673035","1593690644876","1.0368815908429374","0"
"unknown","1.1053606271743774","-0.3164404332637787","0.29256778955459595","1593690644895","1.1864032094513077","0"
"unknown","1.1163562536239624","-0.3347663879394531","0.37381288409233093","1593690644916","1.2239509352146365","0"
"unknown","0.9892962574958801","-0.3665313720703125","0.24736377596855164","1593690644935","1.08362409047996","0"
"unknown","0.17379115521907806","-0.7416026592254639","-0.05134933069348335","1593690644956","0.7634229650497356","0"
"unknown","-0.6136141419410706","-1.0213788747787476","-0.19490265846252441","1593690644976","1.2073624838092893","0"
"unknown","-1.007622241973877","-0.5381845235824585","-0.3274604380130768","1593690644995","1.1883499073959052","0"
"unknown","-1.0424416065216064","-0.11302228271961212","-0.3506733179092407","1593690645015","1.105635706411463","0"
"unknown","-0.6826419234275818","0.1685865819454193","-0.4117598235607147","1593690645035","0.8148420604827041","0"
"unknown","-0.07727445662021637","0.284650981426239","-0.4471900165081024","1593690645056","0.5357018142002019","0"
"unknown","0.26908615231513977","-0.28345370292663574","-0.3311256170272827","1593690645075","0.512247531299358","0"
"unknown","0.3491095006465912","-1.1154521703720093","-0.11671190708875656","1593690645095","1.1746202182346568","0"
"unknown","0.5458080768585205","-0.9590706825256348","0.03905872628092766","1593690645115","1.1041959132974872","0"
"unknown","1.0057896375656128","-0.45449596643447876","0.3463239371776581","1593690645135","1.1567712167934556","0"
"unknown","1.387580394744873","0.049467865377664566","0.6193807125091553","1593690645155","1.5203482787222502","0"
"unknown","1.348484992980957","-0.07148344814777374","0.2644679844379425","1593690645176","1.3760323304510744","0"
"unknown","0.9318749308586121","-0.8118521571159363","-0.29936063289642334","1593690645196","1.2716570293537046","0"
"unknown","0.3423899710178375","-0.8008565306663513","-0.5266024470329285","1593690645216","1.0177977265574965","0"
"unknown","0.17501288652420044","0.692098081111908","-0.5498153567314148","1593690645236","0.901069470588151","0"
"unknown","0.29596421122550964","1.7806599140167236","-0.590132474899292","1593690645256","1.8991052845071932","0"
"unknown","0.6368269920349121","2.180166006088257","-0.010421359911561012","1593690645276","2.2712950131212506","0"
"unknown","0.8298603892326355","2.1380162239074707","0.6871867775917053","1593690645295","2.3941610861856755","0"
"unknown","0.8048149347305298","1.6731476783752441","1.0689775943756104","1593690645315","2.1423966323010415","0"
"unknown","0.8194757103919983","0.6639983057975769","0.987732470035553","1593690645335","1.4450085198319964","0"
"unknown","0.8072584271430969","-0.5186368227005005","0.6102177500724792","1593690645356","1.1371086247839015","0"
"unknown","0.7669413089752197","-1.5577186346054077","0.44406238198280334","1593690645376","1.7921712292919447","0"
"unknown","0.7541131377220154","-1.9077444076538086","0.4098539352416992","1593690645396","2.091926288771292","0"
"unknown","0.84574294090271","-1.7098240852355957","0.07815410196781158","1593690645415","1.909158869291108","0"
"unknown","0.8952230215072632","-0.5149716138839722","-0.35006242990493774","1593690645435","1.0904878386180223","0"
"unknown","0.7773259878158569","0.9181182384490967","-0.35433849692344666","1593690645455","1.2540863453162774","0"
"unknown","0.4957171678543091","0.9834808111190796","-0.2975280284881592","1593690645475","1.1408299365291001","0"
"unknown","0.3423899710178375","0.28709444403648376","-0.5082765221595764","1593690645496","0.6767563335712845","0"
"unknown","0.29413163661956787","-0.11974181234836578","-0.29936063289642334","1593690645516","0.43642675194484115","0"
"unknown","0.08399397134780884","-0.18021747469902039","-0.11915536969900131","1593690645536","0.23180018882169676","0"
"unknown","-0.11759155988693237","-0.002455679466947913","-0.08311432600021362","1593690645555","0.14402012534627298","0"
"unknown","-0.13836097717285156","0.32252463698387146","0.051276031881570816","1593690645575","0.3546760957709502","0"
"unknown","0.20555615425109863","0.4013262391090393","0.06776939332485199","1593690645596","0.45597014531603464","0"
"unknown","0.5720753073692322","0.15087150037288666","0.025619689375162125","1593690645616","0.5921897798932765","0"
"unknown","0.7828238010406494","0.26204895973205566","-0.029358182102441788","1593690645635","0.8260415628942305","0"
"unknown","0.88361656665802","0.4263717234134674","0.03356093913316727","1593690645656","0.9816809155904874","0"
"unknown","1.0198395252227783","0.42453911900520325","0.13007764518260956","1593690645675","1.112306753799773","0"
"unknown","1.1511754989624023","0.11544130742549896","0.27790704369544983","1593690645696","1.1898588360839235","0"
"unknown","0.9434813261032104","-0.19121304154396057","0.3994692265987396","1593690645716","1.0422548167129573","0"
"unknown","0.4853324592113495","-0.23336274921894073","0.4709404408931732","1593690645735","0.7153954623533859","0"
"unknown","0.18967366218566895","-0.03605327010154724","0.5271400809288025","1593690645755","0.5613845396281971","0"
"unknown","0.1872301995754242","0.15820187330245972","0.4978185296058655","1593690645775","0.5548930246168234","0"
"unknown","0.32650747895240784","0.17591696977615356","0.32372191548347473","1593690645795","0.49229035398976806","0"
"unknown","0.4144720733165741","0.10933266580104828","0.09892351925373077","1593690645815","0.4399165762187719","0"
"unknown","0.32039883732795715","0.12277169525623322","-0.10815979540348053","1593690645835","0.35975942719950915","0"
"unknown","0.12797626852989197","0.26815763115882874","-0.21933728456497192","1593690645855","0.36931732271298207","0"
"unknown","0.24098633229732513","0.3414614498615265","-0.2926411032676697","1593690645875","0.510205007244511","0"
"unknown","0.5091561675071716","0.08611978590488434","-0.39465561509132385","1593690645895","0.6499305154845442","0"
"unknown","0.3741549849510193","0.32802242040634155","-0.4423030912876129","1593690645915","0.6657497169473755","0"
"unknown","-0.21594086289405823","1.2321029901504517","-0.37877312302589417","1593690645935","1.3069725755852353","0"
"unknown","-0.6582072973251343","1.4623991250991821","-0.295695424079895","1593690645955","1.6307310726066087","0"
"unknown","-1.061989188194275","1.3170132637023926","-0.18146362900733948","1593690645975","1.7015504756727249","0"
"unknown","-1.3655892610549927","1.14108407497406","-0.1246531531214714","1593690645995","1.78394094763567","0"
"unknown","-1.5916093587875366","1.1533013582229614","-0.09105557203292847","1593690646015","1.96764211457705","0"
"unknown","-1.7620408535003662","1.3646607398986816","-0.12648576498031616","1593690646035","2.2322825881074673","0"
"unknown","-1.7834211587905884","1.6279436349868774","-0.17963102459907532","1593690646055","2.4213753970243372","0"
"unknown","-1.5610661506652832","1.7794382572174072","-0.1900157332420349","1593690646075","2.374749253475271","0"
"unknown","-1.0821478366851807","1.4263581037521362","-0.13320526480674744","1593690646096","1.7953509470724776","0"
"unknown","-0.5879577994346619","0.6811025142669678","-0.07761653512716293","1593690646115","0.9031164572644999","0"
"unknown","-0.6600399017333984","0.41476526856422424","-0.04829500615596771","1593690646135","0.7810347671563618","0"
"unknown","-1.3228286504745483","0.626735508441925","0.11175169050693512","1593690646155","1.468046823636573","0"
"unknown","-1.8823813199996948","0.7580715417861938","0.3451022207736969","1593690646176","2.058428390576857","0"
"unknown","-1.7388279438018799","0.1435411125421524","0.18749898672103882","1593690646196","1.7547884599453942","0"
"unknown","-1.4663820266723633","0.17225177586078644","-0.1753549873828888","1593690646215","1.4868410453155358","0"
"unknown","-1.4114041328430176","0.6859894394874573","-0.438637912273407","1593690646235","1.6294312981461474","0"
"unknown","-1.4706580638885498","0.16797572374343872","-0.48628538846969604","1593690646256","1.5580514958391694","0"
"unknown","-1.4040738344192505","-0.028722884133458138","-0.41053810715675354","1593690646276","1.4631438323013808","0"
"unknown","-1.2324206829071045","-0.14845247566699982","-0.29874977469444275","1593690646297","1.276773396131379","0"
"unknown","-0.6820310354232788","-0.04765970632433891","-0.1454225778579712","1593690646326","0.698988917679193","0"
"unknown","-0.3197879493236542","0.17164091765880585","-0.06051231175661087","1593690646345","0.36794928593695386","0"
"unknown","0.01618792861700058","0.17652782797813416","0.01523498073220253","1593690646366","0.17792197087908343","0"
"unknown","0.3741549849510193","0.09039583802223206","0.08976054191589355","1593690646385","0.39524715708082453","0"
"unknown","0.722348153591156","0.08428718149662018","0.18994244933128357","1593690646406","0.7516444092914972","0"
"unknown","1.0827586650848389","0.1392650604248047","0.30295249819755554","1593690646425","1.132934817205106","0"
"unknown","1.4016302824020386","0.1380433291196823","0.40435612201690674","1593690646445","1.4653079139462173","0"
"unknown","1.5934419631958008","0.08734151721000671","0.47399476170539856","1593690646466","1.6647392783333945","0"
"unknown","1.5934419631958008","-0.2144259214401245","0.4617774784564972","1593690646485","1.6728042938336734","0"
"unknown","1.1059714555740356","-0.7403808832168579","0.2687440514564514","1593690646506","1.3577776246391577","0"
"unknown","-0.2519819140434265","-1.0507004261016846","-0.08739037811756134","1593690646526","1.0840218395414276","0"
"unknown","-1.3173309564590454","-0.8680517077445984","-0.27370429039001465","1593690646545","1.6011835168841573","0"
"unknown","-0.7938194274902344","0.21684494614601135","-0.5369871854782104","1593690646566","0.9826119536713361","0"
"unknown","-0.21288654208183289","-0.1600589156150818","-0.5876889824867249","1593690646585","0.6452269960283109","0"
"unknown","0.2715296149253845","-0.8955406546592712","-0.1301509439945221","1593690646605","0.9448072100443291","0"
"unknown","0.6850853562355042","-1.1795929670333862","0.431234210729599","1593690646626","1.4306447699224762","0"
"unknown","1.2397509813308716","-0.7306070327758789","0.47888168692588806","1593690646645","1.5166070031901533","0"
"unknown","1.7388279438018799","0.28342926502227783","0.4275690019130707","1593690646666","1.8129175430267868","0"
"unknown","2.062586545944214","1.555250644683838","0.41779518127441406","1593690646686","2.616795872970549","0"
"unknown","1.7021759748458862","1.5528072118759155","0.16978389024734497","1593690646706","2.310289993915032","0"
"unknown","1.0754282474517822","0.5173906683921814","-0.08005999773740768","1593690646725","1.1960972462112909","0"
"unknown","1.0430524349212646","1.2174421548843384","-0.266984760761261","1593690646746","1.6252398730536204","0"
"unknown","1.0992519855499268","1.7739404439926147","-0.2773694694042206","1593690646766","2.1052680231091125","0"
"unknown","0.7602217793464661","0.9822590947151184","-0.25354573130607605","1593690646786","1.2676969357093215","0"
"unknown","0.2513710558414459","0.46546709537506104","0.010958924889564514","1593690646806","0.5291191951030265","0"
"unknown","0.09437867999076843","-0.3109426200389862","0.14901447296142578","1593690646825","0.3574884072882374","0"
"unknown","0.4602869749069214","-0.8778255581855774","0.22537261247634888","1593690646845","1.0164814923682575","0"
"unknown","0.7724390625953674","-1.0390939712524414","0.15145793557167053","1593690646866","1.3035788786122655","0"
"unknown","0.7174612283706665","-0.9028710722923279","-0.1289292275905609","1593690646886","1.1604092093414902","0"
"unknown","0.7516696453094482","-0.37019655108451843","-0.17413324117660522","1593690646905","0.8557891842020288","0"
"unknown","0.7944302558898926","0.3213028907775879","-0.1802418828010559","1593690646927","0.8756952183328309","0"
"unknown","0.7003569602966309","0.637120246887207","-0.32013005018234253","1593690646945","0.9994525150597708","0"
"unknown","0.6423248052597046","0.37383732199668884","-0.3115779459476471","1593690646965","0.8058637075650747","0"
"unknown","0.5867360234260559","0.06412863731384277","-0.20223304629325867","1593690646986","0.6239149367683089","0"
"unknown","0.4944954216480255","-0.06965085864067078","-0.03852115944027901","1593690647005","0.5008601040858262","0"
"unknown","0.35033121705055237","0.10444574058055878","0.07326717674732208","1593690647026","0.37283904510400456","0"
"unknown","0.2886338531970978","0.3762807548046112","0.09709092229604721","1593690647046","0.48406957644539983","0"
"unknown","0.42058074474334717","0.35428962111473083","0.08426275104284286","1593690647066","0.5563357886131326","0"
"unknown","0.6288857460021973","0.16125620901584625","0.031117478385567665","1593690647086","0.6499762641296825","0"
"unknown","0.7522805333137512","0.2192883938550949","-0.009810494258999825","1593690647106","0.7836514826630363","0"
"unknown","0.7809911966323853","0.5094493627548218","-0.050738465040922165","1593690647125","0.9338416858671966","0"
"unknown","0.8329147696495056","0.6316224336624146","-0.047684140503406525","1593690647145","1.046407038136436","0"
"unknown","0.8604036569595337","0.5125037431716919","-0.02630385383963585","1593690647166","1.0018215571653224","0"
"unknown","0.8335255980491638","0.23150570690631866","0.09098227322101593","1593690647186","0.8698491759919499","0"
"unknown","0.7058547735214233","-0.04582711309194565","0.16428610682487488","1593690647205","0.7261687204038714","0"
"unknown","0.40591996908187866","-0.24313658475875854","0.2699657678604126","1593690647226","0.5447641103854479","0"
"unknown","0.3527746796607971","-0.25352129340171814","0.21254444122314453","1593690647246","0.48363018962086807","0"
"unknown","0.3894266188144684","-0.10630276799201965","0.14046236872673035","1593690647265","0.42741437382516556","0"
"unknown","0.33139440417289734","0.1936320662498474","0.05371949076652527","1593690647286","0.387558269019653","0"
"unknown","0.23121249675750732","0.588250994682312","-0.06112317740917206","1593690647305","0.635007475718328","0"
"unknown","0.23182335495948792","1.054341197013855","-0.22300246357917786","1593690647325","1.1023191581332803","0"
"unknown","0.3069598078727722","1.4404079914093018","-0.38976868987083435","1593690647346","1.5234563127863874","0"
"unknown","0.32162055373191833","1.4990510940551758","-0.499724417924881","1593690647366","1.6125502959725648","0"
"unknown","0.146913081407547","1.319456696510315","-0.5278242230415344","1593690647386","1.4286874528335347","0"
"unknown","-0.10354166477918625","1.1074864864349365","-0.467348575592041","1593690647405","1.2065081371831505","0"
"unknown","-0.1621847301721573","0.7385238409042358","-0.438027024269104","1593690647426","0.873835810822037","0"
"unknown","-0.08521570265293121","0.2803749144077301","-0.367166668176651","1593690647445","0.4697692740353691","0"
"unknown","-0.24526239931583405","0.07084815204143524","-0.25293487310409546","1593690647465","0.3593732811409758","0"
"unknown","-0.6411030888557434","0.2046276330947876","-0.10693807154893875","1593690647486","0.6814113221197283","0"
"unknown","-1.1261301040649414","0.5296079516410828","-0.020806068554520607","1593690647506","1.2446230297610095","0"
"unknown","-1.490816593170166","0.8399274945259094","0.06838025897741318","1593690647526","1.7125093197848267","0"
"unknown","-1.642922043800354","1.274863600730896","0.08670621365308762","1593690647546","2.081342838159954","0"
"unknown","-1.6545284986495972","1.6285544633865356","0.014624116010963917","1593690647565","2.3216089373167477","0"
"unknown","-1.6093244552612305","1.9303219318389893","0.004239406902343035","1593690647586","2.5131824317807387","0"
"unknown","-1.3839151859283447","2.102586030960083","0.05249775946140289","1593690647606","2.51770635185679","0"
"unknown","-1.071763038635254","1.8551855087280273","0.0421130508184433","1593690647626","2.142933221504669","0"
"unknown","-0.9831876158714294","1.2382116317749023","-0.0941099002957344","1593690647646","1.5838821314729468","0"
"unknown","-1.2147055864334106","1.108708143234253","-0.061734043061733246","1593690647665","1.6457686655964832","0"
"unknown","-1.5085316896438599","1.3744345903396606","0.12946677207946777","1593690647686","2.0448716211182028","0"
"unknown","-1.5079208612442017","0.7800626754760742","0.22598350048065186","1593690647706","1.7127147000991831","0"
"unknown","-1.4065172672271729","0.15087150037288666","0.06532593071460724","1593690647725","1.4160933972929504","0"
"unknown","-1.6710219383239746","0.5088385343551636","-0.04279721528291702","1593690647746","1.7473015120581497","0"
"unknown","-1.7907514572143555","0.46424537897109985","0.009126328863203526","1593690647766","1.849972389872313","0"
"unknown","-1.6514742374420166","0.244333878159523","0.127634197473526","1593690647786","1.6743227554195976","0"
"unknown","-1.4199563264846802","0.12216082215309143","0.1734490692615509","1593690647806","1.4357171780057119","0"
"unknown","-1.149953842163086","0.011594220995903015","0.27790704369544983","1593690647825","1.1831147831050417","0"
"unknown","-0.7596109509468079","0.029920179396867752","0.36281728744506836","1593690647846","0.8423422095576428","0"
"unknown","-0.13530665636062622","0.24372300505638123","0.5271400809288025","1593690647865","0.5963098685841363","0"
"unknown","0.27091875672340393","0.3817785680294037","0.5857831239700317","1593690647886","0.7498624647755257","0"
"unknown","0.5922338366508484","0.4257608652114868","0.5582941770553589","1593690647906","0.9185344956797965","0"
"unknown","0.874453604221344","0.3353528082370758","0.5265291929244995","1593690647926","1.0744131435020314","0"
"unknown","1.1853840351104736","0.12032823264598846","0.512479305267334","1593690647945","1.2970155097737979","0"
"unknown","1.5164729356765747","-0.09775066375732422","0.4880446791648865","1593690647966","1.596067970283748","0"
"unknown","1.7974709272384644","-0.309720903635025","0.42329296469688416","1593690647985","1.8724330979711608","0"
"unknown","1.927585244178772","-0.43067222833633423","0.2937895357608795","1593690648006","1.9968414391629878","0"
"unknown","1.6447546482086182","-0.2822319567203522","0.05677381902933121","1593690648025","1.6697592631050828","0"
"unknown","0.845132052898407","0.20646023750305176","-0.3018040955066681","1593690648046","0.9208472884092619","0"
"unknown","-0.10170906782150269","0.3622308671474457","-0.419090211391449","1593690648065","0.5631984915424036","0"
"unknown","-0.15913039445877075","0.06473949551582336","-0.2553783357143402","1593690648086","0.3077852807924277","0"
"unknown","0.5952881574630737","0.5118928551673889","-0.22972199320793152","1593690648106","0.8180308550113666","0"
"unknown","0.8206974267959595","0.8668055534362793","-0.4887288510799408","1593690648125","1.2898651184117673","0"
"unknown","0.5042692422866821","0.5937488079071045","-0.4881179928779602","1593690648146","0.9192846624298159","0"
"unknown","0.4944954216480255","0.47035402059555054","-0.05562538653612137","1593690648165","0.6847282748277239","0"
"unknown","0.9483682513237","0.6914872527122498","0.22537261247634888","1593690648186","1.1951358814949544","0"
"unknown","1.3112221956253052","0.6792699098587036","0.20704665780067444","1593690648206","1.4911671855450437","0"
"unknown","1.4767667055130005","0.7953343391418457","0.028674015775322914","1593690648226","1.6775633557963172","0"
"unknown","1.2654073238372803","0.9193399548530579","-0.25843265652656555","1593690648246","1.58531671465661","0"
"unknown","0.9886853694915771","0.7678453922271729","-0.3457863926887512","1593690648266","1.2987122605026475","0"
"unknown","0.7773259878158569","0.7537955045700073","-0.34028860926628113","1593690648286","1.1350064720697541","0"
"unknown","0.693637490272522","0.9737069606781006","-0.2620978355407715","1593690648306","1.2239009308680602","0"
"unknown","0.634994387626648","1.025019645690918","-0.12831833958625793","1593690648325","1.212579375811683","0"
"unknown","0.7822129130363464","0.9138422012329102","-0.11243585497140884","1593690648346","1.2081417266025412","0"
"unknown","0.9434813261032104","0.569314181804657","-0.11549017578363419","1593690648365","1.1079772700790902","0"
"unknown","0.9104946255683899","0.10933266580104828","-0.1350378692150116","1593690648385","0.9269246577377348","0"
"unknown","0.8622362613677979","-0.09408546984195709","-0.1454225778579712","1593690648405","0.8794607280622353","0"
"unknown","0.8042041063308716","-0.17166535556316376","-0.06662096083164215","1593690648426","0.8250161158196817","0"
"unknown","0.6490442752838135","-0.3146078288555145","0.03478267043828964","1593690648446","0.7221124506741938","0"
"unknown","0.4444044828414917","-0.28406456112861633","0.006072002463042736","1593690648466","0.5274702725962083","0"
"unknown","0.32528576254844666","-0.07942469418048859","-0.15336382389068604","1593690648485","0.3682927800551647","0"
"unknown","0.35155296325683594","0.32741156220436096","-0.305469274520874","1593690648505","0.5692971936660776","0"
"unknown","0.4101960361003876","0.5351057052612305","-0.30363667011260986","1593690648525","0.7394552936267771","0"
"unknown","0.4291328489780426","0.8112168312072754","-0.26759564876556396","1593690648546","0.9559472687048421","0"
"unknown","0.4138612151145935","0.9743178486824036","-0.17230063676834106","1593690648566","1.0725035594663594","0"
"unknown","0.3796527683734894","0.9596570730209351","-0.104494608938694","1593690648585","1.0373027743286978","0"
"unknown","0.35582903027534485","0.8142711520195007","-0.03424510359764099","1593690648605","0.8892831578964432","0"
"unknown","0.408974289894104","0.5357165932655334","-0.003090975806117058","1593690648626","0.6739894600257853","0"
"unknown","0.5152648091316223","0.4978429675102234","0.0030176760628819466","1593690648646","0.7164876483217648","0"
"unknown","0.6801984310150146","0.7421890497207642","0.004239406902343035","1593690648666","1.006743494466978","0"
"unknown","0.845132052898407","0.9364442229270935","0.026230555027723312","1593690648686","1.2616909334329331","0"
"unknown","0.8720101118087769","0.9456071853637695","0.05249775946140289","1593690648705","1.287373527324845","0"
"unknown","0.7754933834075928","0.7568498253822327","0.08792794495820999","1593690648725","1.0871720054318201","0"
"unknown","0.6789767146110535","0.42881518602371216","0.13374283909797668","1593690648746","0.8141123938121555","0"
"unknown","0.6661485433578491","0.2608272433280945","0.14718186855316162","1593690648766","0.7303747223930449","0"
"unknown","0.7718282341957092","0.3952175974845886","0.06410419940948486","1593690648785","0.8694970505097116","0"
"unknown","0.892779529094696","0.7183653116226196","-0.007977897301316261","1593690648805","1.1459352753792689","0"
"unknown","0.7150177359580994","1.128255844116211","0.03905872628092766","1593690648826","1.336314782008984","0"
"unknown","0.43829581141471863","1.132532000541687","0.028674015775322914","1593690648846","1.2147238985610376","0"
"unknown","0.3796527683734894","1.0812193155288696","0.011569789610803127","1593690648866","1.1459953284538336","0"
"unknown","0.4755586087703705","1.2253834009170532","-0.08677951246500015","1593690648886","1.3172893203098235","0"
"unknown","0.522595226764679","1.5185987949371338","-0.32929301261901855","1593690648906","1.6394151271662252","0"
"unknown","0.40164390206336975","1.67436945438385","-0.6438885927200317","1593690648926","1.8383208135886795","0"
"unknown","0.3222314417362213","1.5033271312713623","-0.8399763107299805","1593690648945","1.7519662577365855","0"
"unknown","0.19394971430301666","1.047621726989746","-0.865021824836731","1593690648966","1.3723667629256648","0"
"unknown","0.05650503560900688","0.9566027522087097","-0.7361292243003845","1593690648985","1.208374064373917","0"
"unknown","0.12980885803699493","1.0928256511688232","-0.7593421339988708","1593690649005","1.3370559898311627","0"
"unknown","0.03390302136540413","1.121536374092102","-0.6292278170585632","1593690649026","1.2864372891943265","0"
"unknown","-0.43707406520843506","1.2369898557662964","-0.43497270345687866","1593690649045","1.3821645685297883","0"
"unknown","-1.1627819538116455","1.5760201215744019","-0.24988055229187012","1593690649066","1.9744218359132655","0"
"unknown","-1.806023120880127","1.957200050354004","-0.056847117841243744","1593690649085","2.6637535818964495","0"
"unknown","-2.1285600662231445","2.1288533210754395","0.19177502393722534","1593690649106","3.0165480400583595","0"
"unknown","-2.19636607170105","2.1038076877593994","0.2895134687423706","1593690649126","3.055134818069129","0"
"unknown","-1.9355264902114868","1.9077199697494507","0.279128760099411","1593690649145","2.7319537225227437","0"
"unknown","-1.6771305799484253","1.795320749282837","0.3047851026058197","1593690649165","2.4756489116540874","0"
"unknown","-1.5097534656524658","1.5045489072799683","0.3060068190097809","1593690649186","2.1532912284982406","0"
"unknown","-1.2800681591033936","1.4019235372543335","0.30722856521606445","1593690649206","1.9231103680087565","0"
"unknown","-1.0375546216964722","1.1288667917251587","0.198494553565979","1593690649226","1.546046543367605","0"
"unknown","-1.000902771949768","1.0140241384506226","-0.015919147059321404","1593690649246","1.4248876206565741","0"
"unknown","-1.2574660778045654","1.1887315511703491","-0.3274604380130768","1593690649265","1.761117252212577","0"
"unknown","-1.4046846628189087","1.0842735767364502","-0.5015569925308228","1593690649286","1.8440031474821537","0"
"unknown","-1.408349871635437","0.47890612483024597","-0.49544838070869446","1593690649305","1.567886965084646","0"
"unknown","-1.215927243232727","0.28281837701797485","-0.3989316523075104","1593690649325","1.3105768800140727","0"
"unknown","-1.0082330703735352","0.15820187330245972","-0.3060801327228546","1593690649346","1.0654796124557682","0"
"unknown","-0.6881397366523743","0.16675399243831635","-0.21322861313819885","1593690649365","0.7394657751478135","0"
"unknown","-0.31001409888267517","0.15514755249023438","-0.12404229491949081","1593690649386","0.3681928780933182","0"
"unknown","0.013133603148162365","0.1282694786787033","-0.020806068554520607","1593690649405","0.13060797518090214","0"
"unknown","0.29413163661956787","0.10078054666519165","0.05921727791428566","1593690649425","0.31650722622116884","0"
"unknown","0.540310263633728","0.04213748499751091","0.13985148072242737","1593690649445","0.5597045517861362","0"
"unknown","0.7730499505996704","-0.024446828290820122","0.18749898672103882","1593690649466","0.7958390186193751","0"
"unknown","1.1945469379425049","-0.11729834973812103","0.208268404006958","1593690649486","1.2182269976924278","0"
"unknown","1.4694362878799438","-0.22603236138820648","0.22720521688461304","1593690649505","1.5039800009018411","0"
"unknown","1.54640531539917","-0.3567575216293335","0.28279393911361694","1593690649526","1.6120228722736245","0"
"unknown","1.31916344165802","-0.5308541059494019","0.2840156853199005","1593690649545","1.450056266880049","0"
"unknown","0.7754933834075928","-0.47465452551841736","0.1227472648024559","1593690649565","0.9174714149882566","0"
"unknown","0.014355333521962166","-0.1747196763753891","-0.07517307251691818","1593690649586","0.19074598749352845","0"
"unknown","-0.5299256443977356","-0.09958325326442719","-0.1246531531214714","1593690649606","0.5534224620524607","0"
"unknown","-0.1359175145626068","-0.3677530884742737","0.02989574708044529","1593690649626","0.39320434959539974","0"
"unknown","0.503047525882721","-0.41540059447288513","0.218042254447937","1593690649646","0.687864006842844","0"
"unknown","0.6863070726394653","-0.20159775018692017","0.1636752486228943","1593690649665","0.7337905953656987","0"
"unknown","0.4401284158229828","0.11544130742549896","-0.13870304822921753","1593690649686","0.4756871382148498","0"
"unknown","0.36560285091400146","0.25166425108909607","0.15878832340240479","1593690649705","0.4713958755882659","0"
"unknown","0.5653557777404785","0.1288803517818451","0.359762966632843","1593690649726","0.6823977525317749","0"
"unknown","0.7944302558898926","0.3005334734916687","0.24553117156028748","1593690649746","0.884152337762003","0"
"unknown","1.045495867729187","0.2754879891872406","0.011569789610803127","1593690649766","1.0812442377450495","0"
"unknown","1.167057991027832","0.4880691170692444","-0.13687047362327576","1593690649785","1.2723872618069276","0"
"unknown","0.8793405294418335","0.5204449892044067","-0.32990390062332153","1593690649806","1.0737501278945216","0"
"unknown","0.4749477505683899","0.2400578260421753","-0.24316102266311646","1593690649826","0.5850900858471637","0"
"unknown","0.27458393573760986","0.30358779430389404","0.005461137276142836","1593690649846","0.4093796656354688","0"
"unknown","0.2813034653663635","0.18813426792621613","0.1025887131690979","1593690649865","0.3536249234216242","0"
"unknown","0.390037477016449","-0.2553538978099823","0.07204544544219971","1593690649886","0.4717259721629421","0"
"unknown","0.44623708724975586","-0.7354939579963684","0.04394564777612686","1593690649906","0.8614000930141424","0"
"unknown","0.43768495321273804","-0.8875994086265564","-0.012864820659160614","1593690649926","0.9897304340443622","0"
"unknown","0.4456261992454529","-0.6725748777389526","-0.05012759938836098","1593690649946","0.8083640589734029","0"
"unknown","0.5849034786224365","-0.35981184244155884","-0.045240677893161774","1593690649965","0.6882029934561815","0"
"unknown","0.7131851315498352","0.14170850813388824","-0.18635055422782898","1593690649986","0.7506269793994265","0"
"unknown","0.7015787363052368","0.7263065576553345","-0.31463226675987244","1593690650006","1.0576991075987774","0"
"unknown","0.5146539211273193","0.9468289017677307","-0.3109670579433441","1593690650025","1.1216301257011383","0"
"unknown","0.26908615231513977","0.6346767544746399","-0.2364414930343628","1593690650046","0.7287842751229938","0"
"unknown","0.09804386645555496","0.1698083132505417","-0.0892229750752449","1593690650066","0.21542563050813282","0"
"unknown","0.07299838960170746","-0.14723074436187744","0.03600440174341202","1593690650085","0.1682319051627728","0"
"unknown","0.156686931848526","-0.15822632610797882","0.10075611621141434","1593690650105","0.24441391089653863","0"
"unknown","0.39553526043891907","-0.006731736473739147","0.08120843023061752","1593690650126","0.40384188448817004","0"
"unknown","0.5012149214744568","0.17286264896392822","0.04089131951332092","1593690650146","0.5317612179606677","0"
"unknown","0.5757404565811157","0.23883609473705292","0.03600440174341202","1593690650166","0.6243525209674252","0"
"unknown","0.6808093190193176","0.1636996567249298","0.07387804239988327","1593690650186","0.7041000437610027","0"
"unknown","0.7473936080932617","0.14964976906776428","0.0873170793056488","1593690650205","0.7672134847219307","0"
"unknown","0.722348153591156","0.2296731173992157","0.11724947392940521","1593690650225","0.7669967633498518","0"
"unknown","0.608727216720581","0.27487713098526","0.1783359944820404","1593690650245","0.6913103416288313","0"
"unknown","0.4786129295825958","0.15820187330245972","0.22170743346214294","1593690650265","0.5506835344664056","0"
"unknown","0.4034765064716339","-0.06965085864067078","0.2546941637992859","1593690650285","0.48219669270677773","0"
"unknown","0.36621373891830444","-0.15517199039459229","0.25713762640953064","1593690650310","0.4736144086607489","0"
"unknown","0.3637702763080597","0.0005986467003822327","0.1734490692615509","1593690650335","0.40300589565267186","0"
"unknown","0.4101960361003876","0.2198992669582367","0.04150218516588211","1593690650356","0.4672674897901452","0"
"unknown","0.44806966185569763","0.4679105579853058","-0.05196019634604454","1593690650376","0.6499281299912467","0"
"unknown","0.4639521539211273","0.721419632434845","-0.09838595241308212","1593690650396","0.8633525831447483","0"
"unknown","0.5659666061401367","1.0219653844833374","-0.15397468209266663","1593690650415","1.1783206902509598","0"
"unknown","0.6820310354232788","1.2284377813339233","-0.17840930819511414","1593690650435","1.416352921111056","0"
"unknown","0.4590652287006378","1.1740708351135254","-0.1197662428021431","1593690650456","1.266304530111569","0"
"unknown","0.03084869496524334","0.90284663438797","-0.06051231175661087","1593690650475","0.9053979385225441","0"
"unknown","-0.45723262429237366","0.6725504398345947","-0.10144028067588806","1593690650495","0.819558355080711","0"
"unknown","-0.7199047207832336","0.4837930500507355","-0.12037710100412369","1593690650515","0.8756764064022371","0"
"unknown","-0.6447682976722717","0.007929029874503613","-0.1808527708053589","1593690650535","0.6696990009742628","0"
"unknown","-0.5305364727973938","-0.23763880133628845","-0.3360125422477722","1593690650556","0.6714503536499618","0"
"unknown","-0.6380487680435181","-0.07575951516628265","-0.26393043994903564","1593690650575","0.6946258069434024","0"
"unknown","-0.8799514174461365","0.3420723080635071","-0.08250346034765244","1593690650595","0.9476997319714173","0"
"unknown","-1.2153164148330688","0.8332079648971558","0.0268414206802845","1593690650615","1.473753698144605","0"
"unknown","-1.5751160383224487","1.1386406421661377","0.07509977370500565","1593690650635","1.9450277690006545","0"
"unknown","-1.8267924785614014","1.04334557056427","0.13374283909797668","1593690650656","2.10799143412742","0"
"unknown","-1.919033169746399","0.6988176107406616","0.13068851828575134","1593690650676","2.0464881745272616","0"
"unknown","-1.8860464096069336","0.2150123417377472","0.12335813045501709","1593690650695","1.9022666991355635","0"
"unknown","-1.7889188528060913","0.3347419202327728","0.20704665780067444","1593690650716","1.8317071637116604","0"
"unknown","-1.6545284986495972","0.8484796285629272","0.3664824962615967","1593690650735","1.8951758897253057","0"
"unknown","-1.4895949363708496","1.4239146709442139","0.48987728357315063","1593690650755","2.1181137404664683","0"
"unknown","-1.1817188262939453","1.3365609645843506","0.4269581437110901","1593690650776","1.8344339325659589","0"
"unknown","-0.8811731338500977","0.43981075286865234","0.18200120329856873","1593690650796","1.0015108727119342","0"
"unknown","-0.8145888447761536","0.44958460330963135","-0.11060325801372528","1593690650816","0.9369708545360831","0"
"unknown","-0.9990701079368591","0.6603330969810486","-0.25415658950805664","1593690650835","1.2242452579168592","0"
"unknown","-1.081536889076233","0.4318695068359375","-0.38976868987083435","1593690650855","1.2280687867424358","0"
"unknown","-1.1187996864318848","0.09589362144470215","-0.5204938054084778","1593690650876","1.237668019487642","0"
"unknown","-1.0699305534362793","-0.1899913102388382","-0.5064439177513123","1593690650895","1.1988884555996155","0"
"unknown","-0.9196576476097107","-0.3402641713619232","-0.41542503237724304","1593690650916","1.0649543899366192","0"
"unknown","-0.6795876026153564","-0.2962818741798401","-0.31463226675987244","1593690650936","0.8053668244237913","0"
"unknown","-0.369878888130188","-0.19060218334197998","-0.23460891842842102","1593690650955","0.4776828747038221","0"
"unknown","-0.0015271632000803947","-0.03605327010154724","-0.1808527708053589","1593690650975","0.1844177193775871","0"
"unknown","0.3784310221672058","0.08245459198951721","-0.09105557203292847","1593690650996","0.3978692190618895","0"
"unknown","0.7473936080932617","0.11421957612037659","0.07204544544219971","1593690651015","0.7594957953779254","0"
"unknown","1.0852020978927612","0.12704774737358093","0.2284269630908966","1593690651036","1.1162363552807628","0"
"unknown","1.4260648488998413","0.1282694786787033","0.34204787015914917","1593690651057","1.4721109869533082","0"
"unknown","1.775479793548584","-0.0482705719769001","0.40863218903541565","1593690651076","1.8225363676300605","0"
"unknown","1.747380018234253","-0.2871188819408417","0.32250019907951355","1593690651095","1.7999390431060778","0"
"unknown","1.176831841468811","-0.35431405901908875","0.0421130508184433","1593690651116","1.229733769790312","0"
"unknown","0.007635816000401974","-0.34942713379859924","-0.2816455364227295","1593690651135","0.448867280727325","0"
"unknown","-1.0149526596069336","0.1936320662498474","-0.3916012942790985","1593690651156","1.1049768558682296","0"
"unknown","-0.8952230215072632","0.6407853960990906","-0.24804794788360596","1593690651176","1.1285202552633826","0"
"unknown","0.035124752670526505","0.3610091507434845","-0.40442943572998047","1593690651196","0.5432536457821227","0"
"unknown","-0.008246680721640587","-0.817960798740387","-0.3470081090927124","1593690651216","0.8885620427381739","0"
"unknown","-0.37598755955696106","-1.5626055002212524","0.016456712037324905","1593690651235","1.607287596428962","0"
